Country,Region,Year,Status,Life_Expectancy,Rank,Adult_Mortality,infant_deaths,Alcohol,percentage_expenditure,HepatitisB,Measles,under-five_deaths,Polio,Total_expenditure,Diphtheria, HIV/AIDS,GDP,Population,Income_composition_of_resources,Schooling
Afghanistan,Southern Asia,2010,Developing,58.8,107,279,74,0.01,79.67936736,66,1989,102,66,9.2,66,0.1,553.32894,2883167,0.448,9.2
Afghanistan,Southern Asia,2011,Developing,59.2,111,275,71,0.01,7.097108703,68,3013,97,68,7.87,68,0.1,63.537231,2978599,0.454,9.5
Afghanistan,Southern Asia,2012,Developing,59.5,110,272,69,0.01,78.1842153,67,2787,93,67,8.52,67,0.1,669.959,3696958,0.463,9.8
Afghanistan,Southern Asia,2013,Developing,59.9,113,268,66,0.01,73.21924272,64,430,89,62,8.13,64,0.1,631.744976,31731688,0.47,9.9
Afghanistan,Southern Asia,2014,Developing,59.9,112,271,64,0.01,73.52358168,62,492,86,58,8.18,62,0.1,612.696514,327582,0.476,10
Albania,Central and Eastern Europe,2010,Developing,76.2,25,91,1,5.28,41.82275719,99,10,1,99,5.34,99,0.1,494.358832,291321,0.725,12.5
Albania,Central and Eastern Europe,2011,Developing,76.6,27,88,0,5.37,437.0621,99,28,1,99,5.71,99,0.1,4437.17868,295195,0.738,13.3
Albania,Central and Eastern Europe,2012,Developing,76.9,26,86,0,5.14,412.4433563,99,9,1,99,5.59,99,0.1,4247.61438,2941,0.752,14.2
Albania,Central and Eastern Europe,2013,Developing,77.2,23,84,0,4.76,430.8769785,99,0,1,99,5.66,99,0.1,4414.72314,289592,0.759,14.2
Albania,Central and Eastern Europe,2014,Developing,77.5,24,8,0,4.51,428.7490668,98,0,1,98,5.88,98,0.1,4575.763787,288914,0.761,14.2
Algeria,Middle East and Northern Africa,2010,Developing,74.7,36,119,21,0.45,430.7175861,95,103,24,95,5.12,95,0.1,4463.394675,36117637,0.714,13.6
Algeria,Middle East and Northern Africa,2011,Developing,74.9,39,116,21,0.56,509.0020405,95,112,24,95,5.29,95,0.1,5432.2523,36819558,0.724,14
Algeria,Middle East and Northern Africa,2012,Developing,75.1,38,113,21,0.66,555.9260834,95,18,24,95,6.14,95,0.1,5564.82566,37565847,0.732,14.4
Algeria,Middle East and Northern Africa,2013,Developing,75.3,34,112,21,0.53,544.4507432,95,25,24,95,7.12,95,0.1,5471.866766,38338562,0.737,14.4
Algeria,Middle East and Northern Africa,2014,Developing,75.4,36,11,21,0.01,54.2373183,95,0,24,95,7.21,95,0.1,547.8517,39113313,0.741,14.4
Angola,Sub-Saharan Africa,2010,Developing,49.6,127,365,78,7.8,191.6537407,77,1190,121,81,3.39,77,2.5,3529.53482,23369131,0.488,9
Angola,Sub-Saharan Africa,2011,Developing,51,129,361,75,8.06,239.8913921,72,1449,115,73,3.38,71,2.5,4299.12889,24218565,0.495,9.4
Angola,Sub-Saharan Africa,2012,Developing,56,122,358,72,8.24,256.1225243,75,4458,110,75,3.3,75,2.6,4598.249988,259615,0.508,10.3
Angola,Sub-Saharan Africa,2013,Developing,51.1,130,355,69,8.1,35.95857279,77,8523,105,67,4.26,77,2.3,484.616884,2599834,0.523,11.4
Angola,Sub-Saharan Africa,2014,Developing,51.7,131,348,67,8.33,23.965612,64,11699,101,68,3.31,64,2,479.31224,2692466,0.527,11.4
Argentina,Latin America and Caribbean,2010,Developing,75.5,29,121,10,8.15,187.610955,94,17,11,95,6.55,94,0.1,1276.265,41223889,0.802,16.8
Argentina,Latin America and Caribbean,2011,Developing,75.7,32,12,9,8.11,1504.329462,91,3,10,93,5.89,91,0.1,12726.9836,41656879,0.816,17.1
Argentina,Latin America and Caribbean,2012,Developing,75.9,33,12,9,8.35,1133.558003,91,2,10,99,5.2,91,0.1,12969.7712,4296739,0.822,17.2
Argentina,Latin America and Caribbean,2013,Developing,76,29,119,8,8.28,1001.796332,94,0,10,99,4.99,94,0.1,12976.63642,42539925,0.823,17.3
Argentina,Latin America and Caribbean,2014,Developing,76.2,30,118,8,7.93,847.3717463,94,1,9,92,4.79,94,0.1,12245.25645,42981515,0.825,17.3
Armenia,Central and Eastern Europe,2010,Developing,73.5,48,132,1,4.23,224.3212014,94,2,1,96,4.56,94,0.1,3218.381655,2877311,0.72,12.3
Armenia,Central and Eastern Europe,2011,Developing,73.9,51,128,1,4.09,260.9963826,95,0,1,96,3.71,95,0.1,3526.978143,2875581,0.729,12.7
Armenia,Central and Eastern Europe,2012,Developing,74.4,47,121,1,3.89,274.1526986,95,0,1,96,4.48,95,0.1,3684.8481,2881922,0.732,12.7
Armenia,Central and Eastern Europe,2013,Developing,74.4,46,123,1,3.79,279.4290812,95,10,1,96,4.55,95,0.1,3843.591213,289359,0.736,12.7
Armenia,Central and Eastern Europe,2014,Developing,74.6,45,12,1,3.91,295.6087143,93,13,1,95,4.48,93,0.1,3994.712355,29622,0.739,12.7
Australia,Australia and New Zealand,2010,Developed,81.9,6,64,1,10.52,8875.786493,92,70,1,92,9.2,92,0.1,51874.848,223175,0.927,19.5
Australia,Australia and New Zealand,2011,Developed,82,9,63,1,10.3,10986.26527,92,190,1,92,9.2,92,0.1,62245.129,223424,0.927,19.8
Australia,Australia and New Zealand,2012,Developed,82.3,7,61,1,10.03,11714.99858,91,199,1,92,9.36,92,0.1,67677.63477,22728254,0.93,20.1
Australia,Australia and New Zealand,2013,Developed,82.5,5,61,1,9.87,11734.85381,91,158,1,91,9.36,91,0.1,67792.3386,23117353,0.933,20.3
Australia,Australia and New Zealand,2014,Developed,82.7,7,6,1,9.71,10769.36305,91,340,1,92,9.42,92,0.1,62214.6912,2346694,0.936,20.4
Austria,Western Europe,2010,Developed,84,3,75,0,12.1,7423.228774,86,52,0,86,11.17,86,0.1,46657.629,836344,0.872,15.4
Austria,Western Europe,2011,Developed,88,1,73,0,12.04,8272.306757,89,68,0,89,1.94,89,0.1,51126.74139,8391643,0.88,15.7
Austria,Western Europe,2012,Developed,88,1,7,0,12.26,7878.372355,92,36,0,92,11.17,92,0.1,48333.57273,8429991,0.884,15.7
Austria,Western Europe,2013,Developed,81.1,14,68,0,11.82,90.58501176,95,0,0,95,11.14,95,0.1,554.71532,8479375,0.887,15.7
Austria,Western Europe,2014,Developed,81.4,16,66,0,12.32,8350.193523,98,117,0,98,11.21,98,0.1,51322.63997,8541575,0.892,15.9
Azerbaijan,Central and Eastern Europe,2010,Developing,71.1,66,13,5,1.98,246.5686008,8,0,6,85,5.33,81,0.1,5842.85784,954332,0.737,11.7
Azerbaijan,Central and Eastern Europe,2011,Developing,71.6,69,125,5,1.98,263.142699,84,0,6,91,5.1,87,0.1,7189.691229,917382,0.741,11.7
Azerbaijan,Central and Eastern Europe,2012,Developing,71.9,67,123,5,0.01,285.6103912,88,0,6,92,5.37,89,0.1,7496.335728,9295784,0.742,11.8
Azerbaijan,Central and Eastern Europe,2013,Developing,72.2,63,121,5,2.14,275.6514934,93,164,6,96,5.54,93,0.1,7875.756953,941681,0.745,11.9
Azerbaijan,Central and Eastern Europe,2014,Developing,72.5,65,119,5,0.01,306.1824313,94,0,6,97,6.4,94,0.1,7891.299776,953579,0.752,12.2
Bangladesh,Southern Asia,2010,Developing,69.9,68,142,126,0.01,62.65945432,94,788,161,94,3.6,94,0.1,757.6717572,15214912,0.535,8.9
Bangladesh,Southern Asia,2011,Developing,73,61,14,118,0.01,62.34988484,96,5625,150,96,3.16,96,0.1,835.789341,153911916,0.545,9.4
Bangladesh,Southern Asia,2012,Developing,77,24,137,111,0.01,59.2589257,94,1986,139,94,3.8,94,0.1,856.342857,15572753,0.557,9.9
Bangladesh,Southern Asia,2013,Developing,71,68,135,104,0.01,52.82986467,96,237,130,96,2.88,96,0.1,951.8894535,157571292,0.565,10
Bangladesh,Southern Asia,2014,Developing,71.4,69,132,98,0.01,10.44640334,97,289,121,97,2.82,97,0.1,184.56543,15945279,0.57,10
Belarus,Central and Eastern Europe,2010,Developing,73,55,222,0,14.44,8.49409518,96,1,1,99,5.55,98,0.1,63.38877,949583,0.78,15.5
Belarus,Central and Eastern Europe,2011,Developing,72,67,232,0,17.31,846.9113071,98,50,1,98,4.92,98,0.1,6519.71753,9473172,0.787,15.5
Belarus,Central and Eastern Europe,2012,Developing,71.9,67,194,0,16.35,91.70962117,97,10,1,98,5.1,98,0.1,694.243915,9464495,0.793,15.6
Belarus,Central and Eastern Europe,2013,Developing,71.7,64,23,0,14.66,1109.854619,98,16,1,98,6.7,98,0.1,7978.825443,9465997,0.796,15.7
Belarus,Central and Eastern Europe,2014,Developing,72,66,199,0,13.94,1147.1114,97,64,0,97,5.69,97,0.1,8318.429294,9474511,0.796,15.7
Belgium,Western Europe,2010,Developed,80,13,81,0,10.22,665.7356115,97,40,1,98,1.17,98,0.1,4438.23741,1895586,0.878,15.9
Belgium,Western Europe,2011,Developed,83,7,8,0,10.11,713.5297354,97,576,1,98,1.42,98,0.1,4772.77415,1147744,0.884,16.1
Belgium,Western Europe,2012,Developed,83,5,78,0,10.08,664.4738975,98,109,1,99,1.54,99,0.1,4474.5717,11128246,0.886,16.2
Belgium,Western Europe,2013,Developed,87,1,77,0,11.77,702.359357,98,39,1,99,1.57,99,0.1,4651.38647,11182817,0.889,16.3
Belgium,Western Europe,2014,Developed,89,1,76,0,12.6,7163.348923,98,70,1,99,1.59,99,0.1,47439.39684,112957,0.89,16.3
Belize,North America,2010,Developing,69.5,70,186,0,6.76,569.9527122,96,0,0,96,5.85,96,0.2,4344.15177,32168,0.7,12.4
Belize,North America,2011,Developing,69.4,72,188,0,6.64,605.6286892,95,0,0,95,5.61,95,0.5,4516.24675,329192,0.7,12.4
Belize,North America,2012,Developing,69.4,73,189,0,6.66,582.8027185,98,0,0,98,5.45,98,0.1,4673.63848,33671,0.702,12.5
Belize,North America,2013,Developing,69.8,72,18,0,6.56,629.2018591,95,0,0,95,5.79,95,0.2,4688.538443,344181,0.706,12.9
Belize,North America,2014,Developing,70,72,177,0,6.58,670.0920883,95,0,0,95,5.79,95,0.2,4852.223666,351694,0.705,12.8
Benin,South West Africa,2010,Developing,58.7,108,254,25,1.33,94.25737917,76,392,39,77,4.95,76,1.4,757.695974,9199259,0.451,9.5
Benin,South West Africa,2011,Developing,59.1,112,251,25,1.4,110.2633619,75,426,39,77,5.37,75,1.4,825.9427854,94682,0.454,9.8
Benin,South West Africa,2012,Developing,59.3,111,251,25,0.01,9.80407467,8,288,39,8,4.86,8,1.3,837.9551,972916,0.458,10
Benin,South West Africa,2013,Developing,59.5,114,251,25,0.01,87.4080423,77,637,39,73,4.59,77,1.2,915.2674586,14451,0.466,10.3
Benin,South West Africa,2014,Developing,59.7,113,252,25,0.01,90.12206791,78,786,39,74,4.59,78,1.1,943.686575,1286712,0.475,10.7
Bhutan,Southern Asia,2010,Developing,67.9,78,228,1,0.28,244.0391949,91,21,1,92,5.17,91,0.5,2178.921383,727641,0,11.4
Bhutan,Southern Asia,2011,Developing,68.3,79,225,0,0.23,289.8524057,95,10,1,95,4.73,95,0.5,2458.45976,7451,0.572,11.9
Bhutan,Southern Asia,2012,Developing,68.7,79,223,0,0.01,188.7373664,97,1,1,97,3.7,97,0.6,2422.816,752967,0.581,12.3
Bhutan,Southern Asia,2013,Developing,69.1,78,219,0,0.01,19.79057439,97,0,1,97,3.83,97,0.6,235.882889,764961,0.589,12.6
Bhutan,Southern Asia,2014,Developing,69.4,77,216,0,0.01,209.3921344,99,0,1,98,3.57,99,0.5,2522.7968,776448,0.596,12.5
Bosnia and Herzegovina,Central and Eastern Europe,2010,Developing,76.4,22,94,0,4.54,630.3883564,89,45,0,9,9.58,89,0.1,4611.47298,372284,0.717,13.3
Bosnia and Herzegovina,Central and Eastern Europe,2011,Developing,76.9,25,92,0,4.64,7.959131146,88,10,0,89,9.71,88,0.1,55.156834,3688865,0.711,13.4
Bosnia and Herzegovina,Central and Eastern Europe,2012,Developing,76.8,27,92,0,4.61,693.8226461,92,22,0,87,9.94,92,0.1,4716.673325,36482,0.728,13.9
Bosnia and Herzegovina,Central and Eastern Europe,2013,Developing,77,25,9,0,4.12,75.61062911,91,0,0,87,9.46,89,0.1,535.86555,364999,0.735,14.2
Bosnia and Herzegovina,Central and Eastern Europe,2014,Developing,77.2,27,89,0,4.03,732.8662491,89,3000,0,86,9.57,86,0.1,5193.94932,35662,0.742,14.2
Botswana,Sub-Saharan Africa,2010,Developing,61.1,105,349,2,5.99,547.0386679,95,853,3,96,5.64,95,6.2,6346.15624,214866,0.669,12.3
Botswana,Sub-Saharan Africa,2011,Developing,62.2,101,325,2,5.76,668.9562854,95,8,3,96,5.25,95,5.5,7645.21469,251339,0.678,12.4
Botswana,Sub-Saharan Africa,2012,Developing,63.4,99,3,2,0.01,12.83447357,95,7,3,96,6.27,95,4.4,729.231453,289315,0.687,12.5
Botswana,Sub-Saharan Africa,2013,Developing,64.2,101,286,2,0.01,1.117811275,95,1,2,96,5.84,95,2.8,77.625783,212857,0.693,12.6
Botswana,Sub-Saharan Africa,2014,Developing,65.1,97,268,2,0.01,662.802194,95,1,2,96,5.41,95,2.3,7497.762376,2168573,0.697,12.6
Brazil,Latin America and Caribbean,2010,Developing,73.8,43,154,54,7.52,1111.191325,96,68,61,99,8.27,99,0.1,11224.1548,196796269,0.716,13.8
Brazil,Latin America and Caribbean,2011,Developing,74.1,49,152,51,7.58,1084.999766,98,43,57,98,8.9,99,0.1,13167.47289,198686688,0.724,14
Brazil,Latin America and Caribbean,2012,Developing,74.5,44,148,49,7.55,843.1946259,96,2,54,96,8.26,95,0.1,12291.46685,256983,0.73,14.2
Brazil,Latin America and Caribbean,2013,Developing,74.7,40,146,46,7.24,916.270845,96,220,52,96,8.48,97,0.1,12216.9446,2248632,0.734,14.2
Brazil,Latin America and Caribbean,2014,Developing,74.8,40,144,44,7.32,83.16465362,96,876,49,96,8.32,93,0.1,1226.61731,24213133,0.747,15.2
Bulgaria,Central and Eastern Europe,2010,Developed,73.4,49,147,1,10.8,766.4454884,95,22004,1,94,7.24,94,0.1,6843.263289,7395599,0.77,13.9
Bulgaria,Central and Eastern Europe,2011,Developed,73.7,54,144,1,10.67,875.1495189,96,157,1,95,6.88,95,0.1,7813.83499,7348328,0.775,14.2
Bulgaria,Central and Eastern Europe,2012,Developed,73.9,53,139,1,10.99,851.450672,95,1,1,95,7.11,95,0.1,7378.25539,735888,0.778,14.3
Bulgaria,Central and Eastern Europe,2013,Developed,74.1,49,14,1,12.06,149.659879,95,14,1,95,7.93,95,0.1,7674.86559,7265115,0.781,14.4
Bulgaria,Central and Eastern Europe,2014,Developed,74.3,52,138,1,12.03,153.1400362,95,0,1,88,8.44,88,0.1,7853.335191,7223938,0.787,14.8
Burkina Faso,Sub-Saharan Africa,2010,Developing,57.5,114,279,43,4.55,90.46018236,91,2511,74,9,7.17,91,1,575.4464527,1565217,0.365,6.3
Burkina Faso,Sub-Saharan Africa,2011,Developing,58.1,116,275,42,4.51,85.55592906,91,860,71,9,5.17,91,0.9,666.842783,168194,0.377,6.7
Burkina Faso,Sub-Saharan Africa,2012,Developing,58.6,115,271,41,4.75,78.76987363,9,7362,68,9,5.33,9,0.8,673.8227,16571216,0.384,7.2
Burkina Faso,Sub-Saharan Africa,2013,Developing,59,116,27,40,4.64,88.97040214,88,375,66,89,5.91,88,0.7,699.452847,1772723,0.392,7.5
Burkina Faso,Sub-Saharan Africa,2014,Developing,59.3,115,268,39,0.01,8.386339501,91,343,63,91,4.96,91,0.6,75.1464113,17585977,0.398,7.7
Burundi,Sub-Saharan Africa,2010,Developing,56.8,116,33,23,4.16,31.14187566,96,495,34,94,8.82,96,1.9,231.1943256,876693,0.361,9.3
Burundi,Sub-Saharan Africa,2011,Developing,57.4,118,321,22,4.16,3.595980333,96,129,33,95,8.58,96,1.5,26.479973,94358,0.385,9.9
Burundi,Sub-Saharan Africa,2012,Developing,58,117,312,22,0.01,38.73170505,96,49,33,96,8.21,96,1.2,265.285651,931971,0.393,10.3
Burundi,Sub-Saharan Africa,2013,Developing,58.6,118,33,22,0.01,40.15128458,96,0,32,96,8.3,96,1,282.7555252,96186,0.398,10.5
Burundi,Sub-Saharan Africa,2014,Developing,59.1,117,297,22,0.01,41.25159038,95,0,32,95,7.54,95,0.7,312.7489794,989179,0.404,10.6
Cabo Verde,South West Africa,2010,Developing,72.5,62,123,0,4.75,286.8907303,98,0,0,99,4.83,99,0.4,3312.825985,52384,0.627,12.7
Cabo Verde,South West Africa,2011,Developing,72.6,65,122,0,5.07,4.409153436,9,0,0,9,4.6,9,0.3,367.429453,5867,0.632,13.1
Cabo Verde,South West Africa,2012,Developing,72.7,64,121,0,0.01,33.55888998,94,0,0,94,4.61,94,0.3,348.482762,513979,0.636,13.2
Cabo Verde,South West Africa,2013,Developing,72.8,62,12,0,0.01,325.6298627,94,0,0,93,4.29,93,0.2,3558.796314,5216,0.643,13.6
Cabo Verde,South West Africa,2014,Developing,73,62,117,0,0.01,414.0242418,97,0,0,95,4.76,95,0.2,3529.61843,526437,0.643,13.5
Cambodia,Southeastern Asia,2010,Developing,66.6,83,192,14,2.2,56.88416481,89,1156,16,88,5.95,89,0.5,785.6928841,143874,0.519,10.6
Cambodia,Southeastern Asia,2011,Developing,67,85,19,13,2.12,60.18591771,88,722,15,87,5.64,88,0.3,882.491462,14537886,0.533,10.7
Cambodia,Southeastern Asia,2012,Developing,67.4,84,186,12,0.01,6.914723983,86,15,14,84,6.24,86,0.3,95.244132,14776866,0.54,10.7
Cambodia,Southeastern Asia,2013,Developing,67.8,86,183,11,0.01,8.758214538,83,0,13,66,5.93,83,0.2,128.419568,1522692,0.546,10.8
Cambodia,Southeastern Asia,2014,Developing,68.3,83,179,11,0.01,12.17952064,88,0,12,87,5.68,88,0.2,198.687123,152779,0.553,10.9
Cameroon,Sub-Saharan Africa,2010,Developing,55.3,119,37,53,6.15,100.8987451,84,240,82,83,5.28,84,5.5,1182.869227,1997495,0.48,9.7
Cameroon,Sub-Saharan Africa,2011,Developing,55.6,121,371,51,6.19,83.18071241,82,504,79,8,3.96,82,4.9,1295.649726,252447,0.486,10
Cameroon,Sub-Saharan Africa,2012,Developing,55.9,123,369,50,0.01,68.55839112,85,609,76,85,4.34,85,4.6,1255.648189,2182383,0.496,10.4
Cameroon,Sub-Saharan Africa,2013,Developing,56.4,124,364,48,0.01,63.07890158,89,760,73,88,4.29,89,4,1365.34419,21655715,0.501,10.4
Cameroon,Sub-Saharan Africa,2014,Developing,56.7,126,366,47,0.01,61.39263642,87,831,71,86,4.1,87,3.7,1441.1417,2223994,0.507,10.4
Canada,North America,2010,Developing,81.2,11,7,2,8.4,8649.674911,56,99,2,88,11.2,89,0.1,47447.4762,345274,0.898,15.9
Canada,North America,2011,Developing,81.5,15,68,2,8.2,971.9280384,7,803,2,87,1.82,87,0.1,5282.2176,3434278,0.903,15.9
Canada,North America,2012,Developing,81.6,12,68,2,8.3,9748.636237,7,10,2,99,1.78,95,0.1,52496.69487,3475545,0.907,15.9
Canada,North America,2013,Developing,81.8,11,67,2,8.2,9733.228019,55,83,2,91,1.67,91,0.1,52413.72116,35155451,0.909,15.9
Canada,North America,2014,Developing,82,13,65,2,8.1,102.1902168,55,418,2,91,1.45,91,0.1,544.43376,35544564,0.912,15.9
Central African Republic,Sub-Saharan Africa,2010,Developing,49.2,128,446,17,1.67,43.48359197,45,2,24,46,3.9,45,6.6,446.4434494,4448525,0.352,6.6
Central African Republic,Sub-Saharan Africa,2011,Developing,49.8,130,443,16,1.66,58.52947463,47,679,24,47,3.73,47,5.8,494.336779,4476153,0.361,6.8
Central African Republic,Sub-Saharan Africa,2012,Developing,53,126,439,16,0.01,7.344808214,47,141,23,47,3.62,47,5.1,486.41114,449416,0.366,7.1
Central African Republic,Sub-Saharan Africa,2013,Developing,49.9,131,451,16,0.01,52.37766601,23,596,23,23,3.82,23,5.1,337.4849614,4499653,0.37,7.1
Central African Republic,Sub-Saharan Africa,2014,Developing,58,122,437,15,0.01,53.43964323,47,210,22,47,4.2,47,4.5,377.132274,4515392,0.345,7.1
Chad,Sub-Saharan Africa,2010,Developing,51.2,125,364,46,0.5,43.57328908,39,194,80,43,2.95,39,4.1,896.5697341,1188722,0.36,6.7
Chad,Sub-Saharan Africa,2011,Developing,51.6,128,365,46,0.56,67.76269089,33,8650,79,4,3.17,33,3.9,989.2363633,12288651,0.37,6.7
Chad,Sub-Saharan Africa,2012,Developing,51.8,129,367,46,0.62,57.8242709,4,120,79,51,3,4,3.6,973.472574,1275135,0.381,7.3
Chad,Sub-Saharan Africa,2013,Developing,52.2,128,366,46,0.64,76.52382535,39,226,78,46,3.42,39,3.1,986.13177,13133589,0.387,7.3
Chad,Sub-Saharan Africa,2014,Developing,52.6,129,362,46,0.01,11.3020668,37,1275,78,44,3.62,37,2.9,125.998515,13569438,0.39,7.3
Chile,Latin America and Caribbean,2010,Developing,79.1,16,89,2,7.93,177.4925143,92,0,2,92,6.97,92,0.1,1286.17764,16993354,0.815,15.2
Chile,Latin America and Caribbean,2011,Developing,79.8,17,86,2,7.26,211.614293,94,6,2,93,7,94,0.1,1475.69242,17153357,0.82,15.4
Chile,Latin America and Caribbean,2012,Developing,79.9,18,84,2,6.76,2260.777642,9,0,2,9,7.24,9,0.1,15431.9293,1739746,0.826,15.5
Chile,Latin America and Caribbean,2013,Developing,81,16,84,2,7.2,2442.222054,9,0,2,9,7.53,91,0.1,15941.39722,17462982,0.831,15.6
Chile,Latin America and Caribbean,2014,Developing,83,5,83,2,7.16,2352.999591,95,0,2,95,7.79,95,0.1,14817.37778,17613798,0.841,16.2
China,Eastern Asia,2010,Developing,75,31,92,231,5.75,5.660754839,99,38159,268,99,4.89,99,0.1,456.512487,133775,0.691,12.5
China,Eastern Asia,2011,Developing,75.2,35,91,215,5.63,91.26749779,99,9943,251,99,5.3,99,0.1,5633.79616,134413,0.7,12.8
China,Eastern Asia,2012,Developing,75.4,36,89,201,5.74,94.4344566,99,6183,233,99,5.26,99,0.1,6337.882993,135695,0.703,12.4
China,Eastern Asia,2013,Developing,75.6,32,88,185,5.79,9.955532032,99,26883,216,99,5.39,99,0.1,777.77594,135738,0.713,12.7
China,Eastern Asia,2014,Developing,75.8,33,86,171,5.78,109.8743903,99,52628,198,99,5.55,99,0.1,7683.5238,136427,0.723,13.1
Colombia,Latin America and Caribbean,2010,Developing,73.6,46,15,12,4.28,113.2436346,88,0,15,88,6.76,88,0.1,625.65544,4591897,0.695,12.8
Colombia,Latin America and Caribbean,2011,Developing,74.2,48,144,12,4.37,184.3073618,85,6,14,85,6.64,85,0.1,7227.73968,4646646,0.7,13
Colombia,Latin America and Caribbean,2012,Developing,74.3,49,143,11,4.44,1487.896562,92,1,13,91,6.93,91,0.1,7884.984429,46881475,0.707,13.2
Colombia,Latin America and Caribbean,2013,Developing,74.4,46,145,11,4.41,15.16255482,91,1,13,91,6.84,91,0.1,83.5863,47342981,0.712,13.3
Colombia,Latin America and Caribbean,2014,Developing,74.6,45,144,11,4.38,1435.487755,9,0,12,9,7.2,9,0.1,7913.383432,47791911,0.72,13.6
Comoros,Sub-Saharan Africa,2010,Developing,61.8,101,246,2,0.15,47.30421873,74,0,2,82,5.82,74,0.1,769.1742883,689692,0.476,10.5
Comoros,Sub-Saharan Africa,2011,Developing,62.2,101,241,2,0.12,59.6596497,83,3,2,85,6.1,83,0.2,829.7586885,76569,0.479,10.6
Comoros,Sub-Saharan Africa,2012,Developing,62.5,103,237,2,0.01,78.39008571,89,1,2,85,7.11,86,0.8,788.632653,723868,0.484,10.8
Comoros,Sub-Saharan Africa,2013,Developing,62.9,105,233,1,0.01,61.57443584,88,0,2,85,6.51,87,0.8,834.341949,7415,0.49,10.9
Comoros,Sub-Saharan Africa,2014,Developing,63.2,101,23,1,0.01,73.86584922,88,0,2,87,6.75,87,0.8,852.954379,759385,0.497,11.1
Costa Rica,Latin America and Caribbean,2010,Developing,78.1,17,16,1,3.58,2377.010299,89,0,1,93,9.66,88,0.1,8199.414621,454528,0.749,13.3
Costa Rica,Latin America and Caribbean,2011,Developing,79,19,98,1,3.41,2429.854745,84,0,1,82,9.73,85,0.1,9186.59639,46474,0.752,13.4
Costa Rica,Latin America and Caribbean,2012,Developing,79.2,19,97,1,3.34,2568.237059,91,0,1,9,9.56,91,0.1,9985.36959,4654122,0.758,13.6
Costa Rica,Latin America and Caribbean,2013,Developing,79.4,19,96,1,3.42,386.1379123,94,0,1,95,9.47,95,0.1,1569.66631,47641,0.762,13.7
Costa Rica,Latin America and Caribbean,2014,Developing,79.5,19,96,1,3.45,384.5129138,91,1,1,91,9.31,91,0.1,1647.44179,4757575,0.768,13.9
Croatia,Central and Eastern Europe,2010,Developed,76.6,20,16,0,12.1,206.8868182,97,7,0,97,8.25,97,0.1,1355.74586,4417781,0.803,14.2
Croatia,Central and Eastern Europe,2011,Developed,77,22,14,0,12.19,1913.356642,97,12,0,96,7.8,96,0.1,14539.18421,428622,0.808,14.5
Croatia,Central and Eastern Europe,2012,Developed,77.1,23,14,0,11.49,1851.713262,98,2,0,96,7.8,96,0.1,13235.97757,4267558,0.815,14.6
Croatia,Central and Eastern Europe,2013,Developed,77.7,21,97,0,12.39,1899.107385,96,0,0,96,7.83,96,0.1,13574.749,4255689,0.817,14.9
Croatia,Central and Eastern Europe,2014,Developed,77.8,22,97,0,12.14,1884.098811,95,0,0,95,7.8,95,0.1,13467.46827,4238389,0.82,15.1
Cyprus,Western Europe,2010,Developed,79.5,15,59,0,11.32,283.3300258,96,18,0,99,7.23,99,0.1,3818.46396,111267,0.853,14.6
Cyprus,Western Europe,2011,Developed,79.7,18,57,0,10.69,2443.325028,96,0,0,99,7.54,99,0.1,32233.83942,1124835,0.847,13.8
Cyprus,Western Europe,2012,Developed,80,17,56,0,10.55,2159.756205,96,1,0,99,7.44,99,0.1,28951.15556,113562,0.85,13.8
Cyprus,Western Europe,2013,Developed,81,16,54,0,9.04,212.0859259,96,0,0,99,7.46,99,0.1,2797.96736,1143896,0.85,13.8
Cyprus,Western Europe,2014,Developed,83,5,53,0,0.01,207.3041936,96,10,0,99,7.37,99,0.1,2734.88382,115239,0.85,14
Djibouti,Sub-Saharan Africa,2010,Developing,61.3,104,273,1,0.44,187.4960097,88,7,2,88,8.84,88,3.1,1325.99724,851146,0.441,5.5
Djibouti,Sub-Saharan Africa,2011,Developing,61.8,106,268,1,0.39,20.35974738,87,49,2,87,8.71,87,2.7,143.986898,865937,0.451,5.9
Djibouti,Sub-Saharan Africa,2012,Developing,62.2,105,263,1,0.52,217.2125786,81,709,2,81,8.95,81,1.9,1536.15685,881185,0.46,6.3
Djibouti,Sub-Saharan Africa,2013,Developing,62.7,106,256,1,0.53,229.4410095,82,28,2,82,9.14,82,2.1,1622.637974,896688,0.464,6.3
Djibouti,Sub-Saharan Africa,2014,Developing,63,103,252,1,0.38,24.73299655,78,0,1,78,1.57,78,2.1,174.91511,912164,0.467,6.3
Dominican Republic,Latin America and Caribbean,2010,Developing,72.7,60,166,6,6.02,664.5585242,83,0,8,85,4.6,88,0.9,5451.6696,9897985,0.697,12.9
Dominican Republic,Latin America and Caribbean,2011,Developing,73.1,60,16,6,5.91,843.7876995,8,2,7,84,4.22,84,0.7,5759.643,12795,0.703,13
Dominican Republic,Latin America and Caribbean,2012,Developing,72.1,66,174,6,5.93,857.1307037,74,0,7,85,4.26,85,0.4,5968.876767,115495,0.706,13.1
Dominican Republic,Latin America and Caribbean,2013,Developing,73.4,57,157,6,5.93,97.52211538,8,0,7,82,4.12,83,0.3,627.55544,1281296,0.709,13.2
Dominican Republic,Latin America and Caribbean,2014,Developing,73.6,58,154,6,5.92,1088.244952,89,0,7,9,4.38,91,0.3,6268.692122,145844,0.712,13.2
Ecuador,Latin America and Caribbean,2010,Developing,75,31,134,7,3.95,367.9285652,9,0,8,88,5.9,91,0.1,4657.32361,1493469,0.703,13.1
Ecuador,Latin America and Caribbean,2011,Developing,75.3,34,131,7,3.99,344.7412164,88,257,8,85,5.92,88,0.1,5223.351763,15177355,0.71,13.2
Ecuador,Latin America and Caribbean,2012,Developing,75.5,35,127,7,3.92,41.88087712,88,72,8,85,6.48,87,0.1,572.14313,15419666,0.717,13.3
Ecuador,Latin America and Caribbean,2013,Developing,76,29,121,6,3.77,59.12850204,87,0,8,87,7.29,87,0.1,674.9829,15661547,0.725,13.4
Ecuador,Latin America and Caribbean,2014,Developing,76,31,121,6,3.82,79.11626341,83,0,7,84,9.16,83,0.1,6432.216537,1593112,0.737,14
El Salvador,Latin America and Caribbean,2010,Developing,72,65,191,2,2.36,469.3904193,89,0,2,89,6.91,89,0.3,3474.392445,6164626,0.662,12.9
El Salvador,Latin America and Caribbean,2011,Developing,72,67,197,2,2.37,549.2783081,89,0,2,9,6.81,89,0.3,3736.58713,619256,0.666,13
El Salvador,Latin America and Caribbean,2012,Developing,73,61,181,2,2.48,591.7757569,92,0,2,93,6.7,92,0.3,3827.786267,6221246,0.67,13.2
El Salvador,Latin America and Caribbean,2013,Developing,73,59,184,2,2.42,653.6925016,92,0,2,92,6.95,92,0.2,3895.664491,625777,0.675,13.2
El Salvador,Latin America and Caribbean,2014,Developing,73.3,60,181,2,2.52,665.7260253,93,0,2,93,6.77,94,0.2,3988.771871,6281189,0.676,13.2
Estonia,Central and Eastern Europe,2010,Developing,75.6,27,137,0,14.97,1802.017593,94,0,0,94,6.25,94,0.1,14638.6482,1331475,0.833,16.2
Estonia,Central and Eastern Europe,2011,Developing,76.1,28,138,0,0.01,2146.945741,94,7,0,93,5.83,93,0.1,17454.84342,1327439,0.838,16.4
Estonia,Central and Eastern Europe,2012,Developing,76.3,30,135,0,0.01,2263.103797,94,4,0,94,6.36,94,0.1,17421.8922,1322696,0.85,16.5
Estonia,Central and Eastern Europe,2013,Developing,76.9,26,127,0,0.01,261.2914808,93,2,0,94,6.48,94,0.1,1929.7746,1317997,0.856,16.5
Estonia,Central and Eastern Europe,2014,Developing,77.3,25,122,0,0.01,2700.07305,93,0,0,93,6.38,93,0.1,19941.45532,1314545,0.86,16.5
Ethiopia,Sub-Saharan Africa,2010,Developing,61.8,101,261,162,1.34,67.73374413,62,4235,243,69,6.86,61,1.7,341.39992,877267,0.401,8.1
Ethiopia,Sub-Saharan Africa,2011,Developing,62.6,100,249,156,1.32,67.77565369,65,3255,231,7,6.55,65,1.4,354.8463544,946756,0.411,8.2
Ethiopia,Sub-Saharan Africa,2012,Developing,63.3,100,241,150,1.84,86.82551124,69,4347,221,7,5.77,69,1.2,468.567249,92444183,0.422,8.4
Ethiopia,Sub-Saharan Africa,2013,Developing,63.7,102,237,145,1.86,8.313282039,72,5253,211,7,5.19,72,0.9,52.1535887,94887724,0.427,8.4
Ethiopia,Sub-Saharan Africa,2014,Developing,64.2,99,234,140,0.01,89.95805845,77,12739,202,75,4.88,77,0.6,571.1622759,97366774,0.435,8.4
Fiji,Oceania,2010,Developing,69.1,71,2,0,2.25,62.08343533,99,0,0,99,4.23,99,0.1,3651.966784,85995,0.706,14.6
Fiji,Oceania,2011,Developing,69.2,74,197,0,0.01,401.7931045,99,0,0,99,4.6,99,0.1,4353.121392,86786,0.709,14.7
Fiji,Oceania,2012,Developing,69.4,73,195,0,0.01,431.4854874,99,0,0,99,4.16,99,0.1,4546.73854,873596,0.714,14.9
Fiji,Oceania,2013,Developing,69.6,73,192,0,0.01,460.6487805,99,0,0,99,4.26,99,0.1,4763.68956,879715,0.719,15
Fiji,Oceania,2014,Developing,69.7,74,19,0,0.01,50.539484,99,0,0,99,4.49,99,0.1,546.3728,88586,0.727,15.2
France,Western Europe,2010,Developing,81.3,10,86,3,11.7,72.8001211,65,5048,3,99,11.2,99,0.1,473.34279,6527512,0.879,16
France,Western Europe,2011,Developing,81.7,13,83,3,11.8,683.9190568,74,14949,3,99,11.33,99,0.1,4381.288,65342776,0.882,16.1
France,Western Europe,2012,Developing,81.5,13,83,3,11.5,751.3793553,78,0,3,99,11.44,99,0.1,4838.2444,6565979,0.885,16.1
France,Western Europe,2013,Developing,82,9,81,3,11.1,6646.953935,74,272,3,99,11.56,99,0.1,42554.1225,6599857,0.887,16.2
France,Western Europe,2014,Developing,82.2,11,79,3,11.5,6739.677606,83,267,3,98,11.54,98,0.1,42955.24287,66331957,0.89,16.2
Gabon,Sub-Saharan Africa,2010,Developing,62.3,98,294,2,8.85,145.318282,67,1,3,68,3.41,67,7,8754.113376,16421,0.66,12.5
Gabon,Sub-Saharan Africa,2011,Developing,62.8,98,289,2,8.9,133.5223672,75,2,3,75,3.12,75,6,1716.2258,169711,0.664,12.5
Gabon,Sub-Saharan Africa,2012,Developing,63.5,98,276,2,8.3,805.3925284,82,2,3,8,3.13,82,4.9,9774.18117,1756817,0.669,12.5
Gabon,Sub-Saharan Africa,2013,Developing,64.6,100,255,2,8.86,154.8758879,79,122,3,77,3.98,79,3.7,9679.742995,1817271,0.678,12.5
Gabon,Sub-Saharan Africa,2014,Developing,65.5,96,237,2,0.01,715.2816939,7,33,3,68,3.44,7,2.8,9692.163874,1875713,0.687,12.6
Georgia,Central and Eastern Europe,2010,Developing,73.8,43,132,1,7.24,194.1732658,95,22,1,88,1.5,92,0.1,2964.47734,3926,0.738,13.3
Georgia,Central and Eastern Europe,2011,Developing,73.9,51,127,1,8.14,198.94876,89,64,1,88,9.38,94,0.1,3725.63221,3875,0.742,13.3
Georgia,Central and Eastern Europe,2012,Developing,74.2,51,13,1,7.71,158.2576025,92,31,1,93,8.57,92,0.1,4142.869175,3825,0.749,13.4
Georgia,Central and Eastern Europe,2013,Developing,74.5,44,128,1,5.91,180.3787034,96,7872,1,94,7.25,93,0.1,4274.376857,3776,0.755,13.5
Georgia,Central and Eastern Europe,2014,Developing,74.5,48,125,1,6.13,221.482875,91,3188,1,91,7.42,91,0.1,4429.6575,3727,0.759,13.5
Germany,Western Europe,2010,Developed,81,12,76,2,11.2,7584.078579,88,780,3,94,11.25,95,0.1,41785.55691,8177693,0.907,16.7
Germany,Western Europe,2011,Developed,85,4,74,2,11.2,869.790735,88,1607,3,94,1.93,95,0.1,4681.32796,8274983,0.912,16.8
Germany,Western Europe,2012,Developed,86,2,71,2,11.18,839.91332,88,166,3,94,1.99,95,0.1,4465.24891,8425823,0.916,16.9
Germany,Western Europe,2013,Developed,86,2,71,2,10.94,895.8779503,88,1771,3,94,11.16,95,0.1,4653.91143,864565,0.919,16.9
Germany,Western Europe,2014,Developed,89,1,69,2,11.03,941.7562909,88,443,3,94,11.3,95,0.1,4792.65288,89825,0.92,17
Ghana,Sub-Saharan Africa,2010,Developing,69,72,267,40,1.69,195.9824626,94,641,59,94,5.33,94,1.9,1312.67557,2451214,0.547,10.5
Ghana,Sub-Saharan Africa,2011,Developing,61.2,107,263,40,1.64,225.2219474,91,120,58,91,4.81,91,1.3,1574.978653,25121796,0.554,10.9
Ghana,Sub-Saharan Africa,2012,Developing,61.6,108,257,39,0.01,151.899429,92,1613,56,91,4.79,92,0.9,1629.8222,2573349,0.563,11.2
Ghana,Sub-Saharan Africa,2013,Developing,61.9,111,254,38,0.01,28.66897829,9,319,55,91,4.63,9,0.9,1814.492297,26346251,0.57,11.5
Ghana,Sub-Saharan Africa,2014,Developing,62.1,107,253,37,0.01,97.67794571,98,124,54,93,3.56,98,0.8,1432.227943,26962563,0.576,11.7
Greece,Western Europe,2010,Developing,83,4,76,0,9,3189.754439,95,149,0,99,9.18,99,0.1,26917.75898,11121341,0.859,16.4
Greece,Western Europe,2011,Developing,85,4,76,0,8.02,3192.887363,95,40,0,99,9.77,99,0.1,25916.29353,1114899,0.86,16.7
Greece,Western Europe,2012,Developing,84,4,76,0,8.2,2528.992935,98,3,0,99,9.24,99,0.1,22242.68193,114511,0.858,16.8
Greece,Western Europe,2013,Developing,86,2,74,0,7.46,2183.106986,98,3,0,99,9.26,99,0.1,21874.8195,1965211,0.86,17.1
Greece,Western Europe,2014,Developing,88,4,73,0,7.53,2163.043414,96,1,0,99,8.8,99,0.1,21673.7817,1892413,0.862,17.2
Guatemala,Latin America and Caribbean,2010,Developing,77,18,196,12,2.14,443.3248254,94,0,14,94,6.64,94,0.4,2825.5247,1463417,0.602,10.5
Guatemala,Latin America and Caribbean,2011,Developing,71.1,71,193,11,2.16,457.7745845,88,0,14,88,6.28,88,0.4,3187.845296,14948919,0.609,10.5
Guatemala,Latin America and Caribbean,2012,Developing,71.3,70,189,11,2.02,484.7187892,96,0,13,94,6.33,96,0.4,3299.65139,1527156,0.616,10.6
Guatemala,Latin America and Caribbean,2013,Developing,71.4,66,189,11,1.93,582.1469583,85,0,13,84,6.3,85,0.4,3452.828934,15596214,0.611,10.7
Guatemala,Latin America and Caribbean,2014,Developing,71.7,67,187,10,1.88,657.5282797,73,0,13,65,6.2,73,0.4,3687.763767,15923559,0.614,10.7
Guinea,Sub-Saharan Africa,2010,Developing,57.8,113,291,29,0.2,29.74734049,64,45,44,62,4.55,64,2.2,438.7513346,179417,0.38,8.3
Guinea,Sub-Saharan Africa,2011,Developing,58.1,116,29,28,0.22,42.2547904,63,11,43,63,4.73,63,2,459.2912,113517,0.385,8.4
Guinea,Sub-Saharan Africa,2012,Developing,58.4,116,288,28,0.01,4.344930862,62,6,42,63,5.39,62,1.9,52.3485646,11281469,0.396,8.5
Guinea,Sub-Saharan Africa,2013,Developing,58.8,117,284,27,0.01,5.140668848,63,53,41,63,5.49,63,1,54.169324,11536615,0.406,8.5
Guinea,Sub-Saharan Africa,2014,Developing,58.1,120,299,27,0.01,50.57976483,51,175,41,42,5.64,51,0.5,561.997387,118559,0.412,8.6
Guinea-Bissau,Sub-Saharan Africa,2010,Developing,56.7,117,287,4,3.21,53.30782696,83,26,7,82,6.7,83,5.9,543.957418,155588,0.405,8.9
Guinea-Bissau,Sub-Saharan Africa,2011,Developing,57.1,119,289,4,3.57,40.45367358,86,0,7,85,5.46,86,5.7,692.69989,1596154,0.41,9
Guinea-Bissau,Sub-Saharan Africa,2012,Developing,57.6,118,285,4,0.01,0.948526366,87,0,6,87,5.96,87,5.3,67.7518833,1638139,0.416,9.1
Guinea-Bissau,Sub-Saharan Africa,2013,Developing,58.1,119,279,4,0.01,8.20063742,87,0,6,87,6.14,87,4.5,61.566347,1681495,0.415,9.1
Guinea-Bissau,Sub-Saharan Africa,2014,Developing,58.4,118,282,4,0.01,50.06053544,87,1,6,87,5.59,87,3.4,642.6256154,1725744,0.419,9.2
Guyana,Latin America and Caribbean,2010,Developing,65.9,87,221,0,7.52,48.02859441,95,0,1,95,6.6,95,0.4,326.281212,746556,0.618,10.2
Guyana,Latin America and Caribbean,2011,Developing,65.6,88,229,0,7.56,536.2332523,93,0,1,93,6.8,93,0.4,3439.597513,7491,0.624,10.3
Guyana,Latin America and Caribbean,2012,Developing,65.8,90,22,0,7.57,497.4719464,97,0,1,97,6.57,97,0.3,3785.935665,75391,0.63,10.6
Guyana,Latin America and Caribbean,2013,Developing,65.9,95,218,0,7.56,345.9044258,98,0,1,98,5.1,98,0.3,3944.178173,75881,0.633,10.3
Guyana,Latin America and Caribbean,2014,Developing,66,92,217,0,7.64,4.141293345,98,0,1,97,5.25,98,0.3,43.82321,763393,0.636,10.3
Haiti,Latin America and Caribbean,2013,Developing,62.7,106,253,14,5.68,4.989712322,68,0,19,67,8.1,68,0.5,81.265673,1431776,0.483,9.1
Haiti,Latin America and Caribbean,2014,Developing,63.1,102,245,14,0.01,5.103249438,48,0,19,55,7.56,48,0.5,83.1148117,1572466,0.487,9.1
Honduras,Latin America and Caribbean,2010,Developing,73.6,46,156,4,3.1,302.1057507,97,0,5,97,8.45,97,0.4,1932.85829,8194778,0.606,11.5
Honduras,Latin America and Caribbean,2011,Developing,73.9,51,153,4,3.1,32.16407994,97,0,5,97,8.57,97,0.4,212.584798,83516,0.611,11.7
Honduras,Latin America and Caribbean,2012,Developing,74.1,52,151,4,3.11,363.5721644,97,0,4,97,9.78,97,0.4,2178.38325,855646,0.614,11.6
Honduras,Latin America and Caribbean,2013,Developing,74.3,48,15,4,3.11,311.7553193,97,0,4,97,9.15,97,0.4,2136.77395,8657785,0.614,11.6
Honduras,Latin America and Caribbean,2014,Developing,74.5,48,149,3,2.87,345.3776344,97,0,4,97,8.72,97,0.3,2242.711912,889216,0.618,11.4
India,Southern Asia,2010,Developing,66.4,84,196,1200,2.77,57.73359864,38,31458,1600,76,4.28,79,0.2,1345.77153,12398691,0.569,10.4
India,Southern Asia,2011,Developing,66.8,86,193,1100,3,64.6059005,44,33634,1500,79,4.33,82,0.2,1461.671957,124723629,0.58,10.8
India,Southern Asia,2012,Developing,67.3,86,19,1100,3.1,64.96964491,73,18668,1400,79,4.39,82,0.2,1446.98541,126365852,0.59,11.3
India,Southern Asia,2013,Developing,67.6,88,187,1000,3.11,67.67230438,7,13822,1300,82,4.53,83,0.2,1452.195373,127856227,0.599,11.5
India,Southern Asia,2014,Developing,68,84,184,957,3.07,86.52153895,79,79563,1200,84,4.69,85,0.2,1573.11889,1293859294,0.607,11.6
Indonesia,Southeastern Asia,2010,Developing,68.1,76,187,138,0.08,190.5453646,83,18869,167,82,2.74,81,0.3,3113.48635,242524123,0.656,12.1
Indonesia,Southeastern Asia,2011,Developing,68.3,79,185,134,0.08,211.8783404,81,21893,161,81,2.71,81,0.3,3634.27685,24577511,0.662,12.3
Indonesia,Southeastern Asia,2012,Developing,68.5,81,183,129,0.08,254.4688257,83,15489,154,84,2.9,83,0.3,3687.953996,248883232,0.669,12.6
Indonesia,Southeastern Asia,2013,Developing,68.7,83,181,124,0.09,22.8478308,85,8419,148,86,2.93,85,0.3,362.663981,25232263,0.677,12.9
Indonesia,Southeastern Asia,2014,Developing,68.9,79,179,119,0.09,200.0684443,78,12943,142,8,2.85,78,0.3,3491.595887,255131116,0.682,12.9
Iraq,Middle East and Northern Africa,2010,Developing,76,26,145,32,0.19,21.82252494,72,492,39,74,3.82,74,0.1,452.74948,376271,0.646,10.4
Iraq,Middle East and Northern Africa,2011,Developing,77,22,144,32,0.17,285.119726,77,15,39,8,3.32,79,0.1,5854.614497,3172753,0.649,10.4
Iraq,Middle East and Northern Africa,2012,Developing,76,32,147,32,0.01,429.6625083,61,15,39,7,5.26,69,0.1,6651.12242,32776571,0.656,10.5
Iraq,Middle East and Northern Africa,2013,Developing,69.5,74,17,32,0.01,447.3695001,66,669,39,7,5.92,68,0.1,6925.22446,33883145,0.659,10.3
Iraq,Middle East and Northern Africa,2014,Developing,67.9,86,199,32,0.01,43.5240801,62,1317,39,67,5.54,64,0.1,673.74737,3568,0.658,10.1
Ireland,Western Europe,2010,Developed,86,1,68,0,11.88,4509.234803,46,443,0,94,8.76,94,0.1,48538.58776,456155,0.907,18.2
Ireland,Western Europe,2011,Developed,84,6,7,0,11.72,6386.95437,95,285,0,95,8.15,95,0.1,52567.52568,4576794,0.909,18.5
Ireland,Western Europe,2012,Developed,85,3,69,0,11.49,6616.695125,95,107,0,95,8.32,95,0.1,49231.36254,4586897,0.895,18.5
Ireland,Western Europe,2013,Developed,81,16,67,0,10.49,703.5527332,95,51,0,96,8.1,96,0.1,5234.76736,4598294,0.902,18.6
Ireland,Western Europe,2014,Developed,81.2,18,66,0,10.75,746.3670453,95,33,0,96,7.78,96,0.1,5553.32623,4617225,0.91,18.6
Israel,Middle East and Northern Africa,2010,Developing,81.7,9,61,1,2.63,409.4109292,97,23,1,95,7.36,95,0.1,3661.994,76236,0.878,15.7
Israel,Middle East and Northern Africa,2011,Developing,81.8,12,61,1,2.67,3793.161624,98,70,1,94,7.39,94,0.1,33657.15727,77658,0.883,15.8
Israel,Middle East and Northern Africa,2012,Developing,81.8,10,6,1,2.78,3830.184587,97,211,1,94,7.73,94,0.1,32569.59683,7915,0.889,15.9
Israel,Middle East and Northern Africa,2013,Developing,82.1,8,61,1,2.69,4279.895512,97,50,1,96,7.89,96,0.1,36393.66932,8595,0.891,15.9
Israel,Middle East and Northern Africa,2014,Developing,82.2,11,6,1,2.62,4348.33531,97,6,1,95,7.81,95,0.1,37582.84624,82157,0.895,16
Italy,Western Europe,2010,Developed,81.8,8,6,2,6.95,5219.668802,96,372,2,96,9.42,96,0.1,35849.37364,59277417,0.869,16.4
Italy,Western Europe,2011,Developed,82,9,6,2,6.98,5439.691769,96,5189,2,96,9.27,96,0.1,38334.68477,59379449,0.872,16.4
Italy,Western Europe,2012,Developed,82,8,6,2,7.49,4793.904924,96,376,2,96,9.28,97,0.1,34814.12436,59539717,0.877,16.6
Italy,Western Europe,2013,Developed,82.3,7,58,2,7.35,483.1916844,96,0,2,96,9.22,96,0.1,3537.27441,6233948,0.876,16.5
Italy,Western Europe,2014,Developed,82.5,9,57,2,7.56,4831.644796,95,0,2,95,9.25,95,0.1,35396.66517,678914,0.877,16.3
Jamaica,Latin America and Caribbean,2010,Developing,75,31,138,1,3.55,396.6270975,94,0,1,94,5.3,94,0.5,4682.728424,281721,0.721,12.7
Jamaica,Latin America and Caribbean,2011,Developing,75.2,35,139,1,3.58,33.17529686,92,1,1,93,5.21,92,0.6,513.549487,2829493,0.722,12.8
Jamaica,Latin America and Caribbean,2012,Developing,75.3,37,138,1,3.65,37.17108782,96,0,1,96,5.66,96,0.5,521.33363,284992,0.725,12.8
Jamaica,Latin America and Caribbean,2013,Developing,75.6,32,136,1,3.79,5.457289334,93,0,1,86,5.91,93,0.6,56.144952,285187,0.727,12.8
Jamaica,Latin America and Caribbean,2014,Developing,75.8,33,133,1,3.83,427.3054534,92,0,1,93,5.36,92,0.5,4855.743789,286287,0.727,12.8
Jordan,Middle East and Northern Africa,2010,Developing,73.4,49,117,4,0.51,715.9709092,98,0,4,98,8.42,98,0.1,3679.19275,718239,0.739,13.2
Jordan,Middle East and Northern Africa,2011,Developing,73.6,55,116,4,0.43,68.86623298,98,0,4,98,8.39,98,0.1,387.324145,7574943,0.737,13.1
Jordan,Middle East and Northern Africa,2012,Developing,73.7,57,115,4,0.41,67.70171064,98,3,4,98,8,98,0.1,387.753211,7992573,0.735,12.9
Jordan,Middle East and Northern Africa,2013,Developing,73.9,52,114,4,0.4,546.6235156,98,120,4,98,7.23,98,0.1,3992.86717,8413464,0.737,13.1
Jordan,Middle East and Northern Africa,2014,Developing,74,55,113,4,0.41,63.8784522,98,20,4,98,7.45,98,0.1,466.94775,88936,0.737,13.1
Kazakhstan,Central and Eastern Europe,2010,Developing,67.8,80,236,7,6.83,11.1516268,99,4,8,98,4.42,99,0.1,97.649972,16321581,0.763,14.5
Kazakhstan,Central and Eastern Europe,2011,Developing,68.5,75,224,7,6.63,179.170133,99,127,7,99,4.6,99,0.1,11634.42422,165566,0.766,14.4
Kazakhstan,Central and Eastern Europe,2012,Developing,69.1,75,214,6,6.82,235.3566066,95,55,7,98,4.32,99,0.1,12387.18982,16791425,0.774,14.7
Kazakhstan,Central and Eastern Europe,2013,Developing,69.5,74,28,5,6.48,26.4072659,99,73,6,98,4.3,98,0.1,1389.8561,1735275,0.782,15
Kazakhstan,Central and Eastern Europe,2014,Developing,69.9,73,22,5,6.29,24.44473709,95,321,5,95,4.36,95,0.1,1286.56511,17289224,0.789,15
Kenya,Sub-Saharan Africa,2010,Developing,63,94,294,61,1.73,56.58984221,9,95,89,9,3.97,9,4.3,967.34773,4135152,0.523,11.1
Kenya,Sub-Saharan Africa,2011,Developing,61.2,107,278,60,1.8,109.7051836,96,2395,86,97,5.23,96,3.4,987.4453967,42486839,0.53,11.1
Kenya,Sub-Saharan Africa,2012,Developing,62.1,107,263,59,1.81,154.2269697,94,0,84,94,5.49,94,3,1155.2582,43646629,0.536,11.1
Kenya,Sub-Saharan Africa,2013,Developing,62.6,109,258,58,1.84,165.9304977,93,190,81,94,5.57,87,3,1229.114798,44826849,0.541,11.1
Kenya,Sub-Saharan Africa,2014,Developing,62.9,105,255,56,0.01,170.9626624,92,354,79,93,5.72,92,2.9,1335.6458,462425,0.546,11.1
Kiribati,Oceania,2010,Developing,65.3,90,27,0,0.48,18.21661422,91,0,0,95,1.52,91,0.1,1493.1651,12652,0.584,11.9
Kiribati,Oceania,2011,Developing,65.5,91,26,0,0.53,30.46703899,95,0,0,95,1.42,99,0.1,1692.613277,14656,0.585,11.9
Kiribati,Oceania,2012,Developing,65.7,92,24,0,0.01,147.4549755,94,0,0,92,1.37,94,0.1,1763.815497,16613,0.581,11.9
Kiribati,Oceania,2013,Developing,65.8,96,22,0,0.01,137.2591943,95,0,0,91,1.15,95,0.1,1724.361737,18535,0.589,11.9
Kiribati,Oceania,2014,Developing,66.1,91,2,0,0.01,97.87193319,75,0,0,79,1.21,75,0.1,1684.54274,11458,0.597,11.9
Latvia,Central and Eastern Europe,2010,Developed,72.8,57,18,0,9.8,1109.969508,91,0,0,92,6.55,92,0.1,11326.21947,297555,0.815,16
Latvia,Central and Eastern Europe,2011,Developed,73.6,55,169,0,10.14,24.70841046,89,1,0,92,6.1,92,0.1,1372.68947,25979,0.81,15.8
Latvia,Central and Eastern Europe,2012,Developed,73.8,56,163,0,10.21,1356.022164,9,3,0,91,5.91,91,0.1,13822.8559,234319,0.812,15.5
Latvia,Central and Eastern Europe,2013,Developed,74.1,49,161,0,10.37,150.3116884,94,0,0,94,5.67,94,0.1,1532.22924,212647,0.814,15.4
Latvia,Central and Eastern Europe,2014,Developed,74.4,51,156,0,0.01,1542.635979,92,36,0,92,5.88,92,0.1,15725.1374,1993782,0.822,16
Lebanon,Middle East and Northern Africa,2010,Developing,74.9,34,94,1,1.58,805.3956346,81,12,1,75,7.19,81,0.1,8763.826274,4337141,0.752,13.3
Lebanon,Middle East and Northern Africa,2011,Developing,75,37,93,1,1.57,835.0626827,81,9,1,75,7.12,81,0.1,8734.9653,4588368,0.758,13.2
Lebanon,Middle East and Northern Africa,2012,Developing,75,39,93,1,1.53,151.1526829,81,9,1,75,6.99,81,0.1,8787.94668,491644,0.763,13.3
Lebanon,Middle East and Northern Africa,2013,Developing,74.9,38,97,1,1.29,14.55610463,81,1761,1,75,6.63,81,0.1,846.285153,527612,0.766,13.3
Lebanon,Middle East and Northern Africa,2014,Developing,74.8,40,99,1,1.32,140.3771361,81,112,1,75,6.39,81,0.1,8161.4614,563279,0.763,13.3
Lesotho,Sub-Saharan Africa,2010,Developing,51.1,126,527,4,2.71,154.8705998,93,2488,6,92,1.87,93,13.4,1173.26212,24551,0.464,10.9
Lesotho,Sub-Saharan Africa,2011,Developing,52.3,126,52,4,2.39,195.825251,96,172,6,95,11.79,96,10.5,1352.38433,264166,0.469,11
Lesotho,Sub-Saharan Africa,2012,Developing,52.2,128,513,4,0.01,168.1348992,95,179,6,93,11.14,95,9,1281.516,289928,0.479,11
Lesotho,Sub-Saharan Africa,2013,Developing,52.1,129,518,4,0.01,153.3443147,93,516,6,9,11.7,93,9.6,1196.1335,2117361,0.484,11.1
Lesotho,Sub-Saharan Africa,2014,Developing,52.1,130,522,4,0.01,162.1278115,93,0,6,9,1.62,93,9.4,1174.839214,2145785,0.491,10.8
Liberia,Sub-Saharan Africa,2010,Developing,59.7,106,272,9,3.64,41.91052416,47,2200,13,71,11.87,7,1.8,327.42597,3948125,0.403,9.6
Liberia,Sub-Saharan Africa,2011,Developing,62,104,266,9,3.72,60.44658161,77,279,12,77,11.23,77,1.5,379.689583,47167,0.406,9.5
Liberia,Sub-Saharan Africa,2012,Developing,67,87,261,9,0.01,48.09891474,8,43,12,8,1.19,8,1.2,415.361958,4181563,0.416,9.6
Liberia,Sub-Saharan Africa,2013,Developing,61.1,112,258,9,0.01,45.04892458,76,0,11,75,9.25,76,1.1,454.1222236,4286291,0.419,9.8
Liberia,Sub-Saharan Africa,2014,Developing,58.1,120,329,8,0.01,54.37396957,5,34,11,49,1.4,5,0.9,458.4651734,439737,0.426,9.9
Lithuania,Central and Eastern Europe,2010,Developed,72.4,63,188,0,12.9,1423.802386,94,2,0,95,7.9,95,0.1,11984.86857,397282,0.824,16.8
Lithuania,Central and Eastern Europe,2011,Developed,72.8,64,18,0,12.66,1758.822757,95,7,0,92,6.86,92,0.1,14357.73679,328115,0.826,16.7
Lithuania,Central and Eastern Europe,2012,Developed,73,61,176,0,15.14,1807.071336,93,0,0,93,6.67,93,0.1,14341.836,2987773,0.83,16.5
Lithuania,Central and Eastern Europe,2013,Developed,73,59,178,0,15.04,1968.816817,93,35,0,93,6.59,93,0.1,15712.82376,2957689,0.834,16.4
Lithuania,Central and Eastern Europe,2014,Developed,73.4,59,169,0,15.19,2211.744178,94,11,0,93,6.55,93,0.1,16554.97139,2932367,0.841,16.5
Luxembourg,Western Europe,2010,Developed,86,1,73,0,11.36,2267.252192,94,0,0,96,7.68,99,0.1,14965.361,56953,0.884,13.7
Luxembourg,Western Europe,2011,Developed,88,1,72,0,11.5,17028.52798,95,6,0,96,7.34,99,0.1,115761.577,518347,0.894,13.9
Luxembourg,Western Europe,2012,Developed,81.1,14,7,0,11.34,2284.58215,94,2,0,99,7.18,99,0.1,16749.136,53946,0.892,13.9
Luxembourg,Western Europe,2013,Developed,81.4,12,68,0,11.02,15515.75234,94,0,0,99,7.1,99,0.1,113751.85,54336,0.892,13.9
Luxembourg,Western Europe,2014,Developed,81.7,14,65,0,11.12,16255.16198,94,0,0,99,6.94,99,0.1,119172.7418,556319,0.892,13.9
Madagascar,Sub-Saharan Africa,2010,Developing,63.3,93,248,32,1.03,76.60442169,7,1,45,7,4.86,7,0.5,412.739341,2115164,0.503,10.2
Madagascar,Sub-Saharan Africa,2011,Developing,63.8,95,241,31,0.97,78.79967196,73,0,43,73,4.24,73,0.4,454.963464,21743949,0.504,10.2
Madagascar,Sub-Saharan Africa,2012,Developing,64.3,97,235,30,0.87,59.97914461,7,2,42,71,3.46,7,0.4,443.9611,22346573,0.506,10.2
Madagascar,Sub-Saharan Africa,2013,Developing,64.7,99,23,29,0.87,79.50882493,74,6,40,73,4.15,74,0.4,461.723722,22961146,0.508,10.3
Madagascar,Sub-Saharan Africa,2014,Developing,65.1,97,225,29,0.01,5.339065673,73,3,39,73,3.4,73,0.3,452.4631926,2358981,0.509,10.3
Malawi,Sub-Saharan Africa,2010,Developing,52.9,122,462,35,1.08,9.728005297,93,118712,54,86,1.5,93,13.7,458.8681744,1516795,0.43,10.2
Malawi,Sub-Saharan Africa,2011,Developing,54.1,125,441,32,1.23,13.77617463,97,26,50,97,11.67,97,11.2,512.125451,15627618,0.444,10.6
Malawi,Sub-Saharan Africa,2012,Developing,55.3,124,42,31,0.01,82.76865922,96,11,46,95,12.6,96,8.3,374.51882,169735,0.454,10.7
Malawi,Sub-Saharan Africa,2013,Developing,56.7,123,394,29,0.01,55.83107625,89,1,42,89,1.96,89,6.3,332.922339,16577147,0.459,10.7
Malawi,Sub-Saharan Africa,2014,Developing,57.6,125,377,27,0.01,59.48744893,91,3,40,87,11.38,91,5.1,354.7253961,1768838,0.466,10.7
Malaysia,Southeastern Asia,2010,Developing,74.1,40,131,3,0.49,65.56659662,96,73,4,96,3.99,96,0.1,971.356987,28112289,0.764,12.8
Malaysia,Southeastern Asia,2011,Developing,74.3,46,13,3,0.51,9.23002632,96,1569,4,96,3.89,96,0.1,145.1262,28635128,0.774,13
Malaysia,Southeastern Asia,2012,Developing,74.5,44,129,3,0.53,101.609245,97,1868,4,97,4.1,97,0.1,1779.49641,2917456,0.776,12.9
Malaysia,Southeastern Asia,2013,Developing,74.6,41,128,3,0.53,110.6779711,96,195,4,97,4.2,97,0.1,1882.27842,2976724,0.779,12.9
Malaysia,Southeastern Asia,2014,Developing,74.8,40,126,4,0.52,721.3655432,96,221,4,97,4.17,97,0.1,11183.96191,322817,0.783,13
Maldives,South Asia,2010,Developing,76.7,19,73,0,1.83,91.13971812,97,0,0,97,7.93,96,0.1,633.79498,367,0.653,11.6
Maldives,South Asia,2011,Developing,77.3,20,67,0,1.92,1079.893546,96,0,0,96,8.11,96,0.1,6497.55443,377,0.663,11.8
Maldives,South Asia,2012,Developing,77.6,21,65,0,0.01,1259.940376,99,0,0,99,9.16,99,0.1,6541.7465,385,0.675,12.1
Maldives,South Asia,2013,Developing,77.9,20,64,0,0.01,1626.591186,99,0,0,99,11.16,99,0.1,7112.33575,393,0.683,12.4
Maldives,South Asia,2014,Developing,78.2,20,62,0,0.01,2051.748615,99,0,0,99,13.73,99,0.1,7716.2415,41,0.693,12.7
Mali,Sub-Saharan Africa,2010,Developing,56.5,118,273,54,0.6,9.585584394,72,1719,91,77,6.35,73,1.5,78.377632,157585,0.396,7.3
Mali,Sub-Saharan Africa,2011,Developing,56.8,120,271,54,0.61,101.8113996,66,24,90,72,6.59,66,1.5,835.88998,1554989,0.404,7.5
Mali,Sub-Saharan Africa,2012,Developing,57.2,119,27,53,0.01,96.5465827,66,341,88,72,6.47,66,1.5,777.3476868,16667,0.411,7.7
Mali,Sub-Saharan Africa,2013,Developing,57.3,122,275,53,0.01,36.86104319,69,221,86,7,6.58,69,1.6,777.659139,16477818,0.421,8
Mali,Sub-Saharan Africa,2014,Developing,57.8,124,272,52,0.01,46.56231672,73,290,85,74,6.86,73,1.6,825.5729915,16962846,0.43,8.2
Malta,Western Europe,2010,Developed,83,4,62,0,7.91,278.0687051,75,0,0,76,8.3,76,0.1,2187.79469,41458,0.819,14.6
Malta,Western Europe,2011,Developed,87,3,59,0,6.91,3601.287457,82,3,0,96,9.6,96,0.1,22821.847,416268,0.826,14.8
Malta,Western Europe,2012,Developed,81,16,58,0,7.67,343.123395,93,0,0,99,9.95,99,0.1,2193.8836,419455,0.821,14.1
Malta,Western Europe,2013,Developed,81.1,14,57,0,8.58,374.2947283,94,0,0,99,9.89,99,0.1,2393.1888,423374,0.828,14.2
Malta,Western Europe,2014,Developed,81.4,16,55,0,8.49,409.6000248,9,0,0,99,9.75,99,0.1,2618.92599,427364,0.847,14.3
Mauritania,Sub-Saharan Africa,2010,Developing,62,100,214,8,0.01,8.353074798,64,1292,12,52,3.28,64,1.2,123.383675,369543,0.484,7.6
Mauritania,Sub-Saharan Africa,2011,Developing,62.2,101,212,8,0.01,79.27658464,75,234,12,73,2.87,75,1.2,1393.261593,3717672,0.487,7.7
Mauritania,Sub-Saharan Africa,2012,Developing,62.5,103,29,8,0.01,62.48419552,8,35,12,8,3.36,8,1.2,1364.283745,383239,0.491,7.8
Mauritania,Sub-Saharan Africa,2013,Developing,62.7,106,28,8,0.01,8.88028118,8,62,12,8,3.63,8,1.1,145.57838,394617,0.501,8.2
Mauritania,Sub-Saharan Africa,2014,Developing,63,103,26,8,0.01,80.92679802,84,14,12,84,3.77,84,0.9,1326.66882,46392,0.509,8.5
Mauritius,Sub-Saharan Africa,2010,Developing,73.3,52,163,0,2.95,0.108055973,99,12,0,99,5.29,99,0.2,8.376432,1254,0.74,14
Mauritius,Sub-Saharan Africa,2011,Developing,73.6,55,158,0,3.03,918.807245,98,2,0,98,5.2,98,0.1,9197.26972,125244,0.748,14.1
Mauritius,Sub-Saharan Africa,2012,Developing,73.9,53,154,0,0.01,915.1859205,98,0,0,98,4.76,98,0.1,9291.227619,1255882,0.756,14.3
Mauritius,Sub-Saharan Africa,2013,Developing,74.1,49,147,0,0.01,917.467628,98,0,0,98,4.82,98,0.1,9637.265,1258653,0.765,14.7
Mauritius,Sub-Saharan Africa,2014,Developing,74.2,53,148,0,0.01,115.2784282,97,0,0,98,4.81,97,0.1,1153.93822,126934,0.769,14.7
Mexico,Latin America and Caribbean,2010,Developing,75.6,27,127,35,5.21,1033.039737,93,0,40,95,6.39,95,0.1,8959.581416,117318941,0.739,12.5
Mexico,Latin America and Caribbean,2011,Developing,76.1,28,124,34,5.3,1117.196097,98,3,39,97,6.4,97,0.1,9834.472689,119917,0.745,12.6
Mexico,Latin America and Caribbean,2012,Developing,76.3,30,123,33,5.29,112.696486,99,0,38,99,6.21,99,0.1,982.532572,1282837,0.748,12.7
Mexico,Latin America and Caribbean,2013,Developing,76.6,28,12,32,5.23,150.408875,82,0,37,83,6.3,83,0.1,1298.86766,122535969,0.753,12.9
Mexico,Latin America and Caribbean,2014,Developing,76.6,29,122,31,5.26,168.173753,84,3,36,87,6.3,87,0.1,1452.27766,1242216,0.754,13.1
Mongolia,Eastern Asia,2010,Developing,66.3,85,25,1,5.8,22.31624272,96,7,2,96,4.7,96,0.1,265.353659,271265,0.693,14.3
Mongolia,Eastern Asia,2011,Developing,67.3,83,235,1,0.01,257.8403154,99,0,2,99,4.45,99,0.1,3769.595255,2761516,0.701,14.6
Mongolia,Eastern Asia,2012,Developing,67.8,83,231,1,0.01,253.8285861,99,0,2,99,4.22,99,0.1,4368.82248,2814226,0.712,14.7
Mongolia,Eastern Asia,2013,Developing,68.1,84,227,1,0.01,241.1958645,98,0,1,98,4.21,98,0.1,4385.379355,286917,0.72,14.7
Mongolia,Eastern Asia,2014,Developing,68.4,81,225,1,0.01,281.0023992,99,0,1,99,4.73,99,0.1,4181.583321,2923896,0.729,14.8
Montenegro,Central and Eastern Europe,2010,Developing,75.3,30,115,0,6.56,635.4849381,9,5,0,93,6.9,94,0.1,6682.281158,619428,0.787,15
Montenegro,Central and Eastern Europe,2011,Developing,75.4,33,113,0,6.56,666.7374371,91,5,0,95,6.92,95,0.1,7318.742449,6279,0.792,15.1
Montenegro,Central and Eastern Europe,2012,Developing,75.6,34,11,0,0.01,648.1331781,9,0,0,94,7.25,94,0.1,6586.71929,6261,0.797,15.1
Montenegro,Central and Eastern Europe,2013,Developing,75.8,31,19,0,0.01,707.144691,9,0,0,94,6.43,94,0.1,7186.429787,62127,0.799,15.1
Montenegro,Central and Eastern Europe,2014,Developing,75.9,32,17,0,0.01,726.0291764,87,0,0,91,6.42,91,0.1,7378.345289,62181,0.803,15.1
Morocco,Middle East and Northern Africa,2010,Developing,72.8,57,11,20,0.56,183.6592186,98,633,23,99,5.86,99,0.1,2834.2472,3249639,0.603,10.7
Morocco,Middle East and Northern Africa,2011,Developing,73.3,59,14,19,0.54,22.0945504,98,982,22,98,5.99,99,0.1,339.91616,32858823,0.612,11.2
Morocco,Middle East and Northern Africa,2012,Developing,73.6,58,99,19,0.55,19.15853732,99,668,22,99,6.15,99,0.1,294.746728,33333789,0.623,11.6
Morocco,Middle East and Northern Africa,2013,Developing,73.9,52,97,18,0.45,179.8598949,99,92,21,99,5.94,99,0.1,3111.762887,33824769,0.634,12.1
Morocco,Middle East and Northern Africa,2014,Developing,74.1,54,96,18,0.43,198.7343495,99,10,21,99,5.91,99,0.1,3154.513484,3431882,0.64,12.1
Mozambique,Sub-Saharan Africa,2010,Developing,54,120,47,69,0.96,5.743393664,74,2321,98,73,5.38,74,10.8,419.2258149,2422145,0.39,9.3
Mozambique,Sub-Saharan Africa,2011,Developing,54.3,124,47,66,0.94,40.80617976,76,177,94,73,6.23,76,9.6,526.5313517,249395,0.397,9.5
Mozambique,Sub-Saharan Africa,2012,Developing,54.8,125,48,64,1.19,49.90987221,76,145,90,73,5.58,76,6.9,566.513873,2567666,0.4,9.2
Mozambique,Sub-Saharan Africa,2013,Developing,55.3,125,46,62,1.16,5.813338496,78,8,87,78,5.9,78,5.1,65.985681,26434372,0.405,9.1
Mozambique,Sub-Saharan Africa,2014,Developing,56.7,126,375,61,0.01,54.91159475,79,9,84,79,6.98,79,4.1,623.2871141,27212382,0.409,9.1
Myanmar,Southeastern Asia,2010,Developing,65.4,89,29,49,0.3,17.48293752,92,190,65,9,1.92,9,0.5,987.7365832,5155896,0.515,8.8
Myanmar,Southeastern Asia,2011,Developing,65.6,88,27,47,0.33,21.23698847,4,2046,61,9,1.87,84,0.5,1186.423937,555331,0.526,9.1
Myanmar,Southeastern Asia,2012,Developing,65.9,89,25,44,0.55,38.4279083,58,2175,58,87,2.22,84,0.5,1171.58257,5986514,0.533,9.1
Myanmar,Southeastern Asia,2013,Developing,66.2,91,22,42,0.7,38.33793462,75,1010,55,76,2.16,75,0.4,1168.83947,51448196,0.54,9.1
Myanmar,Southeastern Asia,2014,Developing,66.4,88,21,40,0.01,45.33788677,88,122,52,88,2.28,88,0.3,1262.893782,51924182,0.547,9.1
Namibia,South West Africa,2010,Developing,63,94,299,3,7.58,719.5535161,83,3138,4,83,7.89,83,6.2,5191.58381,217317,0.604,11.4
Namibia,South West Africa,2011,Developing,64.3,94,268,3,7.84,7.896234931,82,79,4,85,8.78,82,4.7,56.971392,2215621,0.612,11.5
Namibia,South West Africa,2012,Developing,65.8,90,232,3,0.01,796.8734263,84,86,4,84,8.24,84,3.7,5749.44752,2263934,0.619,11.5
Namibia,South West Africa,2013,Developing,66.1,92,232,3,0.01,760.6550553,89,1028,3,89,8.53,89,2.5,5488.131712,231652,0.625,11.6
Namibia,South West Africa,2014,Developing,65.9,94,242,2,0.01,751.3982719,88,477,3,88,8.93,88,2.2,5421.343953,237992,0.632,11.7
Nepal,Southern Asia,2010,Developing,68,77,178,23,0.24,84.62302524,82,190,30,83,6.43,82,0.2,592.1835216,2723137,0.515,11.1
Nepal,Southern Asia,2011,Developing,68.4,78,172,22,0.27,112.1229028,92,2359,27,92,6.73,92,0.2,692.1166842,27327147,0.529,12
Nepal,Southern Asia,2012,Developing,68.9,76,167,20,0.26,80.58788376,9,3362,25,9,5.89,9,0.2,681.7925868,27649925,0.538,12.3
Nepal,Southern Asia,2013,Developing,69.3,76,162,19,0.27,80.15505125,92,1861,24,92,5.69,92,0.1,688.6172788,2798531,0.545,12.3
Nepal,Southern Asia,2014,Developing,69.6,75,158,18,0.01,8.523486403,92,1279,22,92,5.8,92,0.1,76.2386977,28323241,0.551,12.4
Netherlands,Western Europe,2011,Developed,81.1,16,63,1,8.96,1047.370244,2,51,1,97,1.53,97,0.1,5354.6536,1669374,0.911,17.2
Netherlands,Western Europe,2012,Developed,81.1,14,62,1,9.05,1162.656768,2,10,1,97,11.1,97,0.1,49474.7561,16754962,0.921,18.1
Netherlands,Western Europe,2013,Developed,81.4,12,6,1,8.68,1475.030397,51,2632,1,97,11.4,97,0.1,51574.48942,1684432,0.922,18.1
Netherlands,Western Europe,2014,Developed,81.7,14,58,1,0.01,1491.703605,92,140,1,96,1.9,96,0.1,52157.4687,168658,0.923,18.1
Nicaragua,Latin America and Caribbean,2010,Developing,73.2,53,154,3,3.38,302.7045411,98,0,3,99,6.58,98,0.1,1526.497938,5737723,0.614,11.4
Nicaragua,Latin America and Caribbean,2011,Developing,74.5,42,147,3,3.39,321.6132593,98,0,3,99,6.39,98,0.1,1682.957924,58782,0.62,11.5
Nicaragua,Latin America and Caribbean,2012,Developing,73.9,53,157,2,3.63,334.8174246,98,0,3,99,8.4,98,0.1,1792.3845,587718,0.625,11.5
Nicaragua,Latin America and Caribbean,2013,Developing,73.9,52,157,2,3.58,366.4841804,98,0,3,99,8.43,98,0.1,1847.19849,5945747,0.63,11.5
Nicaragua,Latin America and Caribbean,2014,Developing,74.5,48,148,2,3.55,473.1238124,98,0,3,99,9.4,98,0.1,1975.46477,613997,0.636,11.6
Niger,Sub-Saharan Africa,2010,Developing,58.2,110,252,50,0.12,5.883760536,7,372,95,75,6.36,7,0.9,348.151511,16425578,0.312,4.5
Niger,Sub-Saharan Africa,2011,Developing,59.4,109,241,50,0.15,32.22493445,75,771,93,4,6.66,75,0.7,375.5819866,1764636,0.323,4.8
Niger,Sub-Saharan Africa,2012,Developing,63,102,232,49,0.01,29.75517982,71,272,90,71,6.11,71,0.7,391.515524,17731634,0.331,5.1
Niger,Sub-Saharan Africa,2013,Developing,69,80,227,49,0.01,31.50243237,67,1224,89,56,5.9,67,0.6,416.14838,18426372,0.341,5.3
Niger,Sub-Saharan Africa,2014,Developing,61.4,110,223,49,0.01,3.304039899,68,1142,88,67,5.82,68,0.5,43.646498,19148219,0.345,5.3
Nigeria,Sub-Saharan Africa,2010,Developing,52,124,374,521,8.9,133.1230872,49,8491,817,54,3.47,54,4.8,2327.3267,158578261,0.492,9.5
Nigeria,Sub-Saharan Africa,2011,Developing,52.3,126,375,513,8.75,187.5733187,46,18843,802,48,3.69,48,4.7,2527.9423,16287776,0.5,9.6
Nigeria,Sub-Saharan Africa,2012,Developing,52.7,127,374,505,8.54,204.7186256,42,6447,788,42,3.3,42,4.4,2755.297787,167297284,0.507,9.7
Nigeria,Sub-Saharan Africa,2013,Developing,53.2,127,367,498,8.3,194.2032879,46,52852,773,46,3.7,46,3.9,2996.96432,17182933,0.514,9.8
Nigeria,Sub-Saharan Africa,2014,Developing,53.6,128,362,490,0.01,263.2111031,49,6855,759,49,3.67,49,3.9,3221.678128,1764652,0.521,10
Pakistan,Southern Asia,2010,Developing,65.1,91,172,372,0.04,0.66751505,82,4321,461,82,3.2,82,0.1,14.142268,1756182,0.521,7.5
Pakistan,Southern Asia,2011,Developing,65.5,91,167,371,0.04,57.87736282,74,4386,459,75,3.1,74,0.1,1226.215314,174184265,0.525,7.5
Pakistan,Southern Asia,2012,Developing,65.7,92,165,369,0.04,59.65900139,72,8046,456,72,2.76,72,0.1,1261.28967,177911533,0.529,7.6
Pakistan,Southern Asia,2013,Developing,66,93,163,365,0.04,60.18648815,72,8749,450,72,2.7,72,0.1,1272.44161,181712595,0.538,7.7
Pakistan,Southern Asia,2014,Developing,66.2,90,162,359,0.01,62.29361092,72,1370,442,72,2.61,72,0.1,1316.98966,185546257,0.542,7.8
Panama,Latin America and Caribbean,2010,Developing,76.5,21,122,1,6.94,1199.319976,94,0,2,95,8.5,94,0.1,7937.259931,3643222,0.756,12.8
Panama,Latin America and Caribbean,2011,Developing,77.3,20,121,1,6.9,119.2124275,87,4,1,91,7.5,87,0.1,927.723171,377782,0.758,12.9
Panama,Latin America and Caribbean,2012,Developing,77.2,22,12,1,6.95,201.7490628,85,0,1,87,7.25,85,0.1,1589.82713,3772938,0.765,12.8
Panama,Latin America and Caribbean,2013,Developing,77.5,22,118,1,6.89,1694.467075,8,0,1,81,8.9,8,0.1,11685.97983,3838462,0.773,12.9
Panama,Latin America and Caribbean,2014,Developing,77.6,23,119,1,6.74,1842.463782,8,0,1,8,8.3,8,0.1,12593.7374,393986,0.78,13
Papua New Guinea,Oceania,2010,Developing,61.8,101,286,10,0.79,18.99961966,56,0,14,72,4.18,67,1.1,1366.879112,718239,0.485,9.6
Papua New Guinea,Oceania,2011,Developing,62,104,285,10,0.88,23.40731286,66,0,13,69,4.94,72,1,177.867119,7269348,0.494,9.9
Papua New Guinea,Oceania,2012,Developing,62.2,105,284,10,0.01,31.6357652,68,0,13,81,4.55,74,1,271.318741,743836,0.501,9.9
Papua New Guinea,Oceania,2013,Developing,62.4,110,281,10,0.01,25.70881695,73,12,13,8,4.78,79,0.8,229.95364,7592865,0.506,10
Papua New Guinea,Oceania,2014,Developing,62.7,106,278,10,0.01,208.2311603,67,2299,13,64,4.26,73,0.7,2182.716565,7755785,0.511,10
Paraguay,Latin America and Caribbean,2010,Developing,73.2,53,152,3,5.65,359.9760397,89,0,3,85,9.1,89,0.1,3225.591754,629877,0.664,12.4
Paraguay,Latin America and Caribbean,2011,Developing,73.4,58,15,3,5.79,472.1932825,89,0,3,84,9.42,89,0.1,3988.11894,6293783,0.675,12.3
Paraguay,Latin America and Caribbean,2012,Developing,73.6,58,148,3,5.36,441.8446244,87,0,3,83,1.33,87,0.1,3855.537735,6379219,0.679,12.3
Paraguay,Latin America and Caribbean,2013,Developing,73.8,55,148,3,5.03,573.4346982,86,0,3,8,1.49,86,0.2,4479.95858,646574,0.679,12.3
Paraguay,Latin America and Caribbean,2014,Developing,73.9,56,147,3,0.01,561.7684701,87,0,3,83,9.81,87,0.2,4712.822736,6552584,0.688,12.3
Peru,Latin America and Caribbean,2010,Developing,73.7,45,14,10,4.72,69.43934508,93,0,12,92,5.3,93,0.2,522.493191,29373646,0.708,13.3
Peru,North America,2011,Developing,74.5,42,133,9,4.83,759.5380695,91,0,12,91,4.93,91,0.2,5771.565878,29759989,0.721,13.4
Peru,North America,2012,Developing,74.9,40,129,9,5.14,885.9858185,95,0,11,94,5.18,95,0.1,6387.785281,3158966,0.725,13.4
Peru,North America,2013,Developing,75.3,34,125,8,5.38,946.6521165,88,0,11,71,5.23,88,0.1,6583.116248,3565716,0.731,13.4
Peru,North America,2014,Developing,75.3,38,125,8,0.01,973.728675,88,0,10,78,5.47,88,0.1,6491.5245,3973354,0.735,13.4
Philippines,Southeastern Asia,2010,Developing,67.9,78,218,58,4.85,198.2563794,77,6368,74,78,4.37,79,0.1,2129.499242,93726624,0.662,11.4
Philippines,Southeastern Asia,2011,Developing,68,82,218,57,4.96,191.4949779,87,6538,72,87,4.29,87,0.1,2352.518156,9527794,0.669,11.5
Philippines,Southeastern Asia,2012,Developing,68.1,82,217,56,5.02,212.7418488,88,1536,71,88,4.46,88,0.1,2581.818554,96866642,0.666,11.6
Philippines,Southeastern Asia,2013,Developing,68.1,84,219,55,4.61,24.58973399,89,2920,69,84,4.56,89,0.1,276.289146,9848132,0.671,11.7
Philippines,Southeastern Asia,2014,Developing,68.4,81,214,54,4.52,31.27232188,67,58848,68,77,4.71,67,0.1,2842.938353,112249,0.676,11.7
Poland,Central and Eastern Europe,2010,Developed,76.3,23,13,2,10.59,220.4916851,98,13,2,96,6.88,99,0.1,12599.52486,3842794,0.822,15.1
Poland,Central and Eastern Europe,2011,Developed,76.7,26,128,2,10.93,250.0773782,98,0,2,96,6.7,99,0.1,13893.18768,3863255,0.829,15.4
Poland,Central and Eastern Europe,2012,Developed,76.8,27,125,2,10.81,230.040097,97,71,2,95,6.62,99,0.1,13145.1484,3863164,0.834,15.3
Poland,Central and Eastern Europe,2013,Developed,77.1,24,12,2,11.63,23.43533487,96,84,2,95,6.4,99,0.1,1378.54911,384196,0.838,15.4
Poland,Central and Eastern Europe,2014,Developed,77.3,25,12,2,10.71,243.808475,96,0,2,94,6.35,98,0.1,14341.675,3811735,0.85,16.4
Portugal,Western Europe,2010,Developed,79.6,14,88,0,12.25,3119.349824,97,5,0,97,1.44,98,0.1,22538.6548,15731,0.812,16
Portugal,Western Europe,2011,Developed,82,9,85,0,11.92,3108.288623,97,2,0,97,1.7,97,0.1,23196.18375,155756,0.818,16.2
Portugal,Western Europe,2012,Developed,83,5,81,0,11.96,331.457035,98,23,0,98,9.74,98,0.1,2577.4264,1514844,0.824,16.3
Portugal,Western Europe,2013,Developed,86,2,79,0,10,2698.01817,98,1,0,98,9.55,98,0.1,21618.73534,1457295,0.827,16.3
Portugal,Western Europe,2014,Developed,89,1,78,0,9.88,271.2545531,98,0,0,98,9.5,98,0.1,2277.53613,14162,0.837,16.8
Romania,Central and Eastern Europe,2010,Developed,73.4,49,153,2,9,983.2518091,98,193,2,94,5.83,94,0.1,8297.483621,2246871,0.797,15.8
Romania,Central and Eastern Europe,2011,Developed,74.3,46,139,2,9.1,10.32588862,96,4189,2,89,5.53,89,0.1,92.277825,2147528,0.798,15.7
Romania,Central and Eastern Europe,2012,Developed,74.4,47,138,2,9.58,1078.358105,96,7450,2,92,5.48,91,0.1,8558.39766,25835,0.797,15.3
Romania,Central and Eastern Europe,2013,Developed,74.6,41,138,2,9.59,1230.748231,96,1159,2,88,5.6,92,0.1,9585.266593,19983693,0.794,14.7
Romania,Central and Eastern Europe,2014,Developed,74.8,40,135,2,0.01,1.576409172,94,59,2,94,5.57,94,0.1,12.27733,1998979,0.797,14.7
Russian Federation,Central and Eastern Europe,2010,Developing,68.4,73,256,15,11.05,162.8088054,97,129,17,98,6.83,97,0.2,1674.98771,142849449,0.773,13.7
Russian Federation,Central and Eastern Europe,2011,Developing,69.4,72,242,14,11.04,184.764931,97,629,17,97,6.61,97,0.3,14212.687,14296868,0.785,14
Russian Federation,Central and Eastern Europe,2012,Developing,69.6,72,237,14,10.99,178.8225911,97,2123,16,98,6.88,97,0.3,15154.45687,14321676,0.792,14.3
Russian Federation,Central and Eastern Europe,2013,Developing,70,71,229,14,10.58,1529.497771,97,2339,16,98,7.9,97,0.2,15543.67653,14356911,0.799,14.6
Russian Federation,Central and Eastern Europe,2014,Developing,73,62,225,13,10.12,1340.553699,97,4711,15,97,7.7,97,0.1,14125.961,143819666,0.803,14.9
Rwanda,Sub-Saharan Africa,2010,Developing,62.8,96,26,16,7.92,63.78723633,97,121,23,93,7.91,97,2.3,563.491487,1246842,0.454,10
Rwanda,Sub-Saharan Africa,2011,Developing,63.8,95,247,14,8.34,9.074569426,97,31,20,93,7.71,97,1.3,617.317648,151671,0.464,10.2
Rwanda,Sub-Saharan Africa,2012,Developing,64.6,96,239,13,0.01,9.774676411,98,75,18,98,7.68,98,0.7,678.796973,1788853,0.475,10.5
Rwanda,Sub-Saharan Africa,2013,Developing,65.2,98,233,12,0.01,11.71090655,98,17,17,98,7.69,98,0.5,688.8768557,1165151,0.485,10.8
Rwanda,Sub-Saharan Africa,2014,Developing,65.7,95,23,12,0.01,7.549797238,98,10,16,98,7.53,98,0.4,76.5699517,11345357,0.488,10.8
Samoa,South Pacific Ocean,2010,Developing,72.6,61,144,0,3.01,434.7940679,57,8,0,57,5.7,62,0.1,3453.487434,18625,0.69,12.9
Samoa,South Pacific Ocean,2011,Developing,73,61,139,0,2.15,558.7206486,58,0,0,6,5.8,65,0.1,3942.9827,187665,0.693,12.9
Samoa,South Pacific Ocean,2012,Developing,73.2,60,136,0,0.01,492.0552263,64,1,0,62,5.2,64,0.1,4234.554443,189194,0.698,12.9
Samoa,South Pacific Ocean,2013,Developing,73.6,56,131,0,0.01,698.3522786,6,0,0,62,6.91,67,0.1,4219.65123,19757,0.7,12.9
Samoa,South Pacific Ocean,2014,Developing,73.8,57,128,0,0.01,660.2777923,56,0,0,58,7.22,63,0.1,4178.973369,19229,0.701,12.9
Sao Tome and Principe,South West Africa,2010,Developing,66.2,86,24,0,5.58,63.04032682,98,0,0,98,5.24,98,0.5,1129.754961,174776,0.542,10.6
Sao Tome and Principe,South West Africa,2011,Developing,66.6,87,198,0,5.69,7.495401346,96,0,0,96,5.44,96,0.5,134.326189,1788,0.546,10.6
Sao Tome and Principe,South West Africa,2012,Developing,66.9,88,194,0,0.01,8.198047581,96,0,0,96,8.6,96,0.5,138.949959,182889,0.553,10.8
Sao Tome and Principe,South West Africa,2013,Developing,67.1,89,192,0,0.01,200.6600988,97,0,0,97,9.76,97,0.2,1619.532678,18745,0.559,11
Sao Tome and Principe,South West Africa,2014,Developing,67.3,87,191,0,0.01,225.7307751,95,0,0,95,8.35,95,0.2,1821.878734,191266,0.562,11.1
Senegal,Sub-Saharan Africa,2010,Developing,64.3,92,212,21,0.28,1.020071763,89,428,32,76,4.62,89,0.4,11.631377,12916229,0.449,7.7
Senegal,Sub-Saharan Africa,2011,Developing,64.9,93,26,20,0.32,1.431051664,92,18,31,89,4.42,92,0.4,18.25321,13391,0.455,7.9
Senegal,Sub-Saharan Africa,2012,Developing,65.6,94,2,20,0.28,10.20659464,91,46,29,83,4.31,91,0.4,136.4518,1373513,0.463,8.3
Senegal,Sub-Saharan Africa,2013,Developing,66,93,196,20,0.26,11.8385319,92,17,28,89,4.51,92,0.3,148.912351,141232,0.474,8.7
Senegal,Sub-Saharan Africa,2014,Developing,66.4,88,192,19,0.26,12.80528533,89,32,27,85,4.66,89,0.3,152.443873,14546111,0.483,9.1
Serbia,Central and Eastern Europe,2010,Developing,74.4,38,128,1,9.65,774.4396617,89,20,1,91,1.9,91,0.1,5411.87744,7291436,0.755,13.6
Serbia,Central and Eastern Europe,2011,Developing,74.6,41,127,1,9.56,915.3190791,94,370,1,94,9.72,94,0.1,6423.291783,723499,0.757,13.5
Serbia,Central and Eastern Europe,2012,Developing,74.9,40,126,1,9.38,742.5109709,97,0,1,93,9.89,91,0.1,5659.3824,719977,0.767,14
Serbia,Central and Eastern Europe,2013,Developing,75.3,34,122,1,9.16,880.6403367,91,1,1,97,1.12,95,0.1,6353.826383,7164132,0.766,14.1
Serbia,Central and Eastern Europe,2014,Developing,75.4,36,123,1,9.09,8.617208431,92,37,1,93,1.37,93,0.1,62.173221,713576,0.771,14.3
Seychelles,Sub-Saharan Africa,2010,Developing,72.4,63,18,0,6.51,16.49232317,99,0,0,99,3.59,99,0.1,184.68447,8977,0.74,13.2
Seychelles,Sub-Saharan Africa,2011,Developing,72.6,65,177,0,9.72,1121.475547,99,0,0,99,3.38,99,0.1,12189.9516,87441,0.744,13.3
Seychelles,Sub-Saharan Africa,2012,Developing,72.7,64,174,0,0.01,177.2633961,99,0,0,98,4.8,98,0.1,12845.17363,8833,0.755,13.5
Seychelles,Sub-Saharan Africa,2013,Developing,72.9,61,172,0,0.01,1521.672751,99,0,0,98,3.58,98,0.1,15687.34795,89949,0.762,13.5
Seychelles,Sub-Saharan Africa,2014,Developing,73,62,17,0,0.01,151.1045552,99,0,0,99,3.37,99,0.1,1557.77892,91359,0.766,13.2
Sierra Leone,Southeastern Asia,2010,Developing,48.1,129,424,27,3.84,5.347717533,86,1089,40,84,1.32,86,1.6,45.128418,645872,0.384,8.7
Sierra Leone,Southeastern Asia,2011,Developing,48.9,131,418,26,3.78,54.6659175,89,1865,38,88,11.98,89,1.3,445.525,6611692,0.392,8.9
Sierra Leone,Southeastern Asia,2012,Developing,49.7,130,411,25,0.01,54.56033696,91,678,35,91,11.24,91,0.9,561.8984239,676613,0.401,9.1
Sierra Leone,Southeastern Asia,2013,Developing,54,126,47,23,0.01,1.321464076,92,15,33,92,11.59,92,0.8,71.8186998,692279,0.413,9.3
Sierra Leone,Southeastern Asia,2014,Developing,48.1,132,463,23,0.01,1.443286353,83,1006,32,83,11.9,83,0.6,78.4394757,779162,0.426,9.5
Solomon Islands,South Pacific Ocean,2010,Developing,68.3,74,188,0,1.1,29.5207994,9,0,0,94,7.47,9,0.1,1272.44825,52779,0.492,9.3
Solomon Islands,South Pacific Ocean,2011,Developing,68.5,75,186,0,0.99,229.6687488,99,0,0,99,5.8,99,0.1,1642.837974,539614,0.497,9.4
Solomon Islands,South Pacific Ocean,2012,Developing,68.7,79,184,0,0.01,247.9492284,99,0,0,99,5.48,99,0.1,1858.689868,551531,0.505,9.4
Solomon Islands,South Pacific Ocean,2013,Developing,68.8,82,182,0,0.01,24.73328608,94,0,0,99,5.42,94,0.1,188.5159,563513,0.509,9.5
Solomon Islands,South Pacific Ocean,2014,Developing,68.8,80,183,0,0.01,3.718438799,88,0,0,94,5.5,88,0.1,29.652622,57554,0.512,9.6
South Africa,Sub-Saharan Africa,2010,Developing,58,111,428,43,7.28,1038.885632,71,12499,62,72,8.5,72,11,7362.76139,5979432.36,0.63,12.8
South Africa,Sub-Saharan Africa,2011,Developing,58.9,113,413,43,7.38,123.753335,76,92,58,69,8.61,69,8.5,849.954224,51729345.36,0.638,12.8
South Africa,Sub-Saharan Africa,2012,Developing,59.2,112,48,43,7.38,1089.954838,68,32,56,65,8.79,65,7.6,7548.163698,5256515.8,0.644,12.8
South Africa,Sub-Saharan Africa,2013,Developing,69,80,371,43,7.34,978.5905287,7,25,54,73,8.78,73,4.5,6876.953821,53311955.61,0.652,12.8
South Africa,Sub-Saharan Africa,2014,Developing,62,108,347,42,7.38,922.0507313,8,66,52,77,8.8,77,3.7,6479.625659,54146734.74,0.66,13
Spain,Western Europe,2010,Developed,81.9,6,64,1,9.78,578.7417172,97,302,2,97,9.56,97,0.1,3736.228,46576897,0.86,16.4
Spain,Western Europe,2011,Developed,82.1,8,63,1,9.62,4873.8188,97,3802,2,97,9.48,97,0.1,31834.21816,46742697,0.867,16.9
Spain,Western Europe,2012,Developed,82,8,61,1,9.35,4255.781693,96,1204,2,97,9.39,97,0.1,28562.29324,4677355,0.871,17.2
Spain,Western Europe,2013,Developed,82.4,6,6,1,9.25,423.680459,95,131,2,96,9.1,96,0.1,2921.9342,466245,0.874,17.5
Spain,Western Europe,2014,Developed,82.6,8,58,1,0.01,42.98847625,96,154,1,97,9.3,97,0.1,296.47225,4648882,0.877,17.6
Sri Lanka,Southern Asia,2010,Developing,74.5,37,138,3,2.31,191.7267589,99,79,4,99,3.43,99,0.1,2819.511161,2119,0.739,13.5
Sri Lanka,Southern Asia,2011,Developing,74.5,42,141,3,3.03,20.83302367,99,60,4,99,3.28,99,0.1,322.992615,2271,0.746,13.6
Sri Lanka,Southern Asia,2012,Developing,74.5,44,143,3,2.8,20.76877311,99,51,4,99,3.21,99,0.1,335.521375,2425,0.752,13.7
Sri Lanka,Southern Asia,2013,Developing,74.6,41,142,3,2.56,41.62053588,99,2107,3,99,3.68,99,0.1,361.289374,2585,0.757,13.8
Sri Lanka,Southern Asia,2014,Developing,74.7,44,141,3,2.37,42.7308283,99,1686,3,99,3.5,99,0.1,382.54994,2771,0.76,14
Sudan,Sub-Saharan Africa,2010,Developing,62.5,97,243,62,1.77,172.0097884,75,680,92,9,7.97,9,0.3,1476.47887,34385963,0.461,7
Sudan,Sub-Saharan Africa,2011,Developing,62.7,99,241,61,2.12,196.6892153,93,5616,91,93,8.3,93,0.3,1666.857757,35167314,0.463,7
Sudan,Sub-Saharan Africa,2012,Developing,63.2,101,235,61,0.01,220.522192,92,8523,89,92,8.2,92,0.3,1892.894352,3599192,0.468,6.8
Sudan,Sub-Saharan Africa,2013,Developing,63.5,103,232,60,0.01,227.8353208,93,2813,88,93,8.42,93,0.3,1955.66799,36849918,0.478,7
Sudan,Sub-Saharan Africa,2014,Developing,63.8,100,229,59,0.01,253.6086508,94,676,86,94,8.43,94,0.3,2176.89829,37737913,0.485,7.2
Suriname,Latin America and Caribbean,2010,Developing,73,55,19,0,5.26,99.08095375,86,0,0,96,5.81,96,0.5,833.31332,52613,0.7,12.3
Suriname,Latin America and Caribbean,2011,Developing,76,30,187,0,5.64,989.1263558,86,0,0,86,5.93,86,0.1,8318.97692,531589,0.704,12.5
Suriname,Latin America and Caribbean,2012,Developing,71.3,70,178,0,5.73,1168.324095,84,0,0,84,6.9,84,0.9,9272.413453,53777,0.708,12.7
Suriname,Latin America and Caribbean,2013,Developing,71.2,67,179,0,6.02,1122.972967,86,0,0,86,5.96,86,0.4,9484.56898,54254,0.719,12.7
Suriname,Latin America and Caribbean,2014,Developing,71.4,69,178,0,6.32,1132.432517,85,0,0,85,5.69,85,0.4,9564.46383,547928,0.722,12.7
Swaziland,Sub-Saharan Africa,2010,Developing,53.6,121,459,2,4.93,56.93670561,89,313,4,89,8.47,89,21.6,369.239336,122843,0.523,11
Swaziland,Sub-Saharan Africa,2011,Developing,55,122,438,2,5.2,735.7090978,91,0,3,85,8.61,91,15.7,3934.27325,1225258,0.526,11.2
Swaziland,Sub-Saharan Africa,2012,Developing,56.5,121,412,2,0.01,720.2333929,95,0,3,92,8.76,95,12.2,3851.51547,1248158,0.534,11.3
Swaziland,Sub-Saharan Africa,2013,Developing,57.6,121,393,2,0.01,708.9556648,98,0,3,98,9.66,98,9.8,3598.75972,1271456,0.539,11.4
Swaziland,Sub-Saharan Africa,2014,Developing,58.4,118,382,2,0.01,574.3895102,98,0,3,98,9.25,98,7.3,3464.35169,129597,0.541,11.4
Sweden,Western Europe,2011,Developed,81.7,13,58,0,7.4,11477.6671,42,26,0,98,11.7,98,0.1,59593.28711,9449213,0.901,16
Sweden,Western Europe,2012,Developed,81.7,11,57,0,7.4,10947.02327,53,30,0,98,11.8,98,0.1,57134.777,9519374,0.903,15.8
Sweden,Western Europe,2013,Developed,81.9,10,57,0,7.3,1212.666327,67,51,0,98,11.97,98,0.1,6283.24522,96379,0.904,15.8
Sweden,Western Europe,2014,Developed,82.3,10,54,0,7.3,1142.212403,67,26,0,98,11.93,98,0.1,5918.19898,969611,0.906,15.8
Tajikistan,Central and Eastern Europe,2010,Developing,67.3,81,171,10,0.32,43.34099958,93,0,12,95,6.4,93,0.2,738.3475227,764163,0.603,11.1
Tajikistan,Central and Eastern Europe,2011,Developing,68.1,81,166,10,0.32,51.9919227,96,1,12,97,5.98,96,0.2,834.5412953,7815949,0.608,11.1
Tajikistan,Central and Eastern Europe,2012,Developing,68.8,77,164,10,0.01,71.50892145,94,16,12,96,6.39,94,0.2,954.725253,799562,0.613,11.1
Tajikistan,Central and Eastern Europe,2013,Developing,69.3,76,163,10,0.01,1.0419164,96,1,11,97,6.75,96,0.2,14.214412,817789,0.617,11.2
Tajikistan,Central and Eastern Europe,2014,Developing,69.6,75,162,10,0.01,7.829008596,97,0,11,94,6.88,97,0.2,114.45919,8362745,0.622,11.3
Thailand,Southeastern Asia,2010,Developing,73.9,42,158,10,5.95,71.6850913,98,2583,12,99,3.81,99,0.2,575.32176,672888,0.711,13.1
Thailand,Southeastern Asia,2011,Developing,74.1,49,155,10,6.07,748.4451054,98,3156,11,99,4.12,99,0.2,5491.159981,675313,0.72,13.3
Thailand,Southeastern Asia,2012,Developing,74.3,49,154,9,6.56,801.0504655,98,5197,11,99,4.17,99,0.1,5859.915622,67843979,0.729,13.7
Thailand,Southeastern Asia,2013,Developing,74.5,44,153,9,6.5,788.6873403,99,2641,10,99,4,99,0.1,6171.262444,6814365,0.733,13.6
Thailand,Southeastern Asia,2014,Developing,74.6,45,152,8,6.41,789.0772949,99,0,10,99,4.12,99,0.1,5941.8471,68416772,0.737,13.6
Timor-Leste,Southeastern Asia,2010,Developing,66.9,82,163,2,0.1,38.58376645,72,50,3,72,0.92,72,0.1,849.8626972,119591,0.599,12.4
Timor-Leste,Southeastern Asia,2011,Developing,67.2,84,161,2,0.5,2.726570602,67,763,3,66,0.76,67,0.1,114.56179,1131523,0.607,12.5
Timor-Leste,Southeastern Asia,2012,Developing,67.4,84,159,2,0.01,30.17998548,83,16,2,83,1.1,83,0.1,1117.77724,115676,0.618,12.5
Timor-Leste,Southeastern Asia,2013,Developing,67.7,87,158,2,0.01,3.379874844,82,4,2,82,1.29,82,0.1,117.765674,1184366,0.62,12.5
Timor-Leste,Southeastern Asia,2014,Developing,68,84,155,2,0.01,28.14578503,77,47,2,76,1.48,77,0.1,1153.51578,1212814,0.612,12.5
Togo,Sub-Saharan Africa,2010,Developing,57.4,115,323,14,1.21,41.96145465,83,120,21,83,5.37,83,3.8,487.9238913,652952,0.449,11
Togo,Sub-Saharan Africa,2011,Developing,58.3,114,34,14,1.44,39.08258546,85,187,21,85,5.21,85,2.6,562.3393592,6679282,0.457,11.5
Togo,Sub-Saharan Africa,2012,Developing,58.9,114,294,14,0.01,41.60027954,84,238,21,84,5.11,84,1.7,563.6894247,6859482,0.464,12
Togo,Sub-Saharan Africa,2013,Developing,59.4,115,287,14,0.01,48.73047089,84,564,20,84,5.12,84,1.5,579.43485,742948,0.47,12
Togo,Sub-Saharan Africa,2014,Developing,59.7,113,285,13,0.01,4.877350139,87,577,20,85,5.25,87,1,62.1318489,7228915,0.475,12
Tonga,South Pacific Ocean,2010,Developing,72.8,57,142,0,1.24,471.8307668,82,0,0,84,4.59,82,0.1,3547.59975,14137,0.707,14.4
Tonga,South Pacific Ocean,2011,Developing,72.9,63,14,0,0.96,7.033980828,82,0,0,84,4.6,82,0.1,445.18866,14577,0.712,14.4
Tonga,South Pacific Ocean,2012,Developing,73,61,138,0,0.01,63.80294988,77,0,0,79,4.51,77,0.1,451.542462,14951,0.717,14.4
Tonga,South Pacific Ocean,2013,Developing,73.2,58,137,0,0.01,584.9449886,82,0,0,84,4.98,82,0.1,4266.557174,15328,0.718,14.3
Tonga,South Pacific Ocean,2014,Developing,73.3,60,135,0,0.01,565.9672173,8,0,0,82,5.18,8,0.1,4192.349758,15782,0.716,14.3
Trinidad and Tobago,Latin America and Caribbean,2010,Developing,74,41,179,0,6.5,1389.772683,9,0,0,91,5.29,9,0.4,16683.94578,13281,0.772,12.5
Trinidad and Tobago,Latin America and Caribbean,2011,Developing,76,30,176,0,6.5,144.9850711,9,0,0,91,5.6,9,0.4,1953.9767,1334788,0.774,12.6
Trinidad and Tobago,Latin America and Caribbean,2012,Developing,78,20,174,0,6.7,1486.236406,92,0,0,91,5.78,92,0.4,19152.531,1341588,0.772,12.6
Trinidad and Tobago,Latin America and Caribbean,2013,Developing,71,68,172,0,6.71,167.2657906,92,0,0,94,5.98,92,0.3,1967.83283,1348248,0.773,12.7
Trinidad and Tobago,Latin America and Caribbean,2014,Developing,71.1,71,171,0,6.94,1578.872339,92,0,0,94,5.93,92,0.3,19325.24283,1354493,0.778,12.7
Tunisia,Middle East and Northern Africa,2010,Developing,74.8,35,12,3,1.28,64.85616718,98,1,3,98,6.54,98,0.1,414.15177,1639931,0.71,14.4
Tunisia,Middle East and Northern Africa,2011,Developing,74.8,40,13,3,1.29,623.2120325,98,11,3,98,7.15,98,0.1,4256.91279,1761467,0.714,14.5
Tunisia,Middle East and Northern Africa,2012,Developing,74.9,40,13,3,1.3,585.8776761,97,48,3,97,7.18,97,0.1,4137.55421,1886668,0.717,14.6
Tunisia,Middle East and Northern Africa,2013,Developing,74.9,38,13,3,1.29,594.6453102,98,16,3,98,7.26,98,0.1,4199.47253,1114558,0.72,14.7
Tunisia,Middle East and Northern Africa,2014,Developing,75.1,39,12,3,1.39,604.8701316,98,15,3,98,7,98,0.1,4271.68172,1114398,0.722,14.7
Turkey,Middle East and Northern Africa,2010,Developing,74.2,39,116,21,1.49,32.78235828,96,7,25,97,5.61,97,0.1,1672.5693,72326914,0.715,13
Turkey,Middle East and Northern Africa,2011,Developing,74.5,42,114,20,1.53,1275.877569,96,111,23,97,5.29,97,0.1,11341.13395,7349455,0.737,13.8
Turkey,Middle East and Northern Africa,2012,Developing,74.8,43,112,19,1.54,20.75120211,97,349,22,97,5.24,97,0.1,1172.3843,74569867,0.75,14.3
Turkey,Middle East and Northern Africa,2013,Developing,75.2,37,19,17,1.41,188.1440348,97,7405,20,98,5.38,98,0.1,12542.93565,75787333,0.754,14.4
Turkey,Middle East and Northern Africa,2014,Developing,75.5,35,17,16,1.45,181.9083783,96,565,19,96,5.41,96,0.1,12127.22522,773628,0.759,14.5
Turkmenistan,Central and Eastern Europe,2010,Developing,65.8,88,211,7,2.48,385.325164,96,0,8,96,1.99,96,0.1,4439.23,58721,0,10.6
Turkmenistan,Central and Eastern Europe,2011,Developing,65.6,88,217,7,2.55,490.4181326,97,0,8,97,1.98,97,0.1,5649.978486,517461,0.665,10.6
Turkmenistan,Central and Eastern Europe,2012,Developing,65.6,94,22,7,2.75,579.4128244,98,0,8,98,1.96,97,0.1,6675.262954,5267839,0.672,10.7
Turkmenistan,Central and Eastern Europe,2013,Developing,65.4,97,228,7,2.93,63.7481117,98,0,8,98,2.12,98,0.1,734.42525,5366277,0.678,10.7
Turkmenistan,Central and Eastern Europe,2014,Developing,66,92,217,7,2.9,691.1333535,97,0,8,98,2.7,98,0.1,7962.365824,5466241,0.683,10.8
Uganda,Sub-Saharan Africa,2010,Developing,58.4,109,362,79,10.03,116.202964,8,1313,119,79,11.2,8,8,594.9972557,33915133,0.473,10.9
Uganda,Sub-Saharan Africa,2011,Developing,59.3,110,347,76,10.22,94.49686776,82,3312,114,82,9.9,82,6.8,584.3962137,3593648,0.477,10.7
Uganda,Sub-Saharan Africa,2012,Developing,60,109,339,73,0.01,92.88697859,78,2027,109,82,7.58,78,4.6,647.74741,3636796,0.477,10
Uganda,Sub-Saharan Africa,2013,Developing,67,90,325,71,0.01,90.76144414,78,7878,103,82,7.47,78,4,662.492293,37553726,0.478,10
Uganda,Sub-Saharan Africa,2014,Developing,61.5,109,38,68,0.01,14.16770158,78,314,97,82,7.22,78,3.2,719.172669,38833338,0.483,10
Ukraine,Central and Eastern Europe,2010,Developing,69.8,69,212,5,8.39,375.6835376,48,39,6,57,7.81,52,0.2,2965.142365,45877,0.728,14.9
Ukraine,Central and Eastern Europe,2011,Developing,75,37,24,5,8.48,415.1627705,21,1333,5,54,6.98,5,0.2,3569.75727,45761,0.734,14.9
Ukraine,Central and Eastern Europe,2012,Developing,77,24,25,5,8.44,453.7830847,46,12746,5,72,7.47,76,0.2,3855.42128,455933,0.739,15.1
Ukraine,Central and Eastern Europe,2013,Developing,71,68,198,4,8.44,52.42529588,46,0,5,72,7.67,76,0.2,429.71554,454896,0.744,15.2
Ukraine,Central and Eastern Europe,2014,Developing,78,21,23,4,8.06,5.663849328,22,0,5,45,7.1,23,0.2,314.658296,45271947,0.746,15.2
Uruguay,Latin America and Caribbean,2010,Developing,76.3,23,118,0,6.21,2331.532804,95,0,1,95,8.63,95,0.1,11938.212,3374415,0.777,15.6
Uruguay,Latin America and Caribbean,2011,Developing,77,22,111,0,5.97,417.9117441,95,0,1,95,8.55,95,0.1,14166.4998,3385624,0.78,15.5
Uruguay,Latin America and Caribbean,2012,Developing,76.5,29,118,0,5.77,339.7190493,95,0,0,95,8.74,95,0.1,1592.6819,3396777,0.784,15.5
Uruguay,Latin America and Caribbean,2013,Developing,76.8,27,117,0,5.82,482.8039445,94,0,0,94,8.68,94,0.1,16881.2568,3485,0.788,15.5
Uruguay,Latin America and Caribbean,2014,Developing,76.8,28,117,0,6.03,463.6397821,95,0,0,95,8.58,95,0.1,16737.89827,3419546,0.791,15.5
Uzbekistan,Central and Eastern Europe,2010,Developing,68.3,74,183,20,2.73,119.4571154,99,117,23,99,5.34,99,0.2,1377.8214,285624,0.657,11.9
Uzbekistan,Central and Eastern Europe,2011,Developing,68.5,75,183,19,2.83,140.6905284,99,476,22,99,5.65,99,0.1,1564.966945,293394,0.664,12
Uzbekistan,Central and Eastern Europe,2012,Developing,68.8,77,184,18,0.01,16.71406295,99,0,21,99,6.49,99,0.1,174.468298,297745,0.673,12
Uzbekistan,Central and Eastern Europe,2013,Developing,69.1,78,185,17,0.01,19.1624696,99,0,19,99,6.32,99,0.1,197.551233,32432,0.681,12
Uzbekistan,Central and Eastern Europe,2014,Developing,69.2,78,184,16,0.01,0.442802404,99,8,18,99,5.84,99,0.1,25.448414,37577,0.69,12.1
Vanuatu,South Pacific Ocean,2010,Developing,71,67,145,0,0.91,471.8626525,62,0,0,66,4.71,65,0.1,2965.82434,236295,0.59,10.8
Vanuatu,South Pacific Ocean,2011,Developing,71.2,70,141,0,0.85,457.9731742,63,0,0,65,3.85,65,0.1,3275.91684,241871,0.591,10.8
Vanuatu,South Pacific Ocean,2012,Developing,71.4,69,138,0,0.01,427.9885222,64,0,0,65,3.7,64,0.1,3158.58688,247485,0.592,10.8
Vanuatu,South Pacific Ocean,2013,Developing,71.6,65,135,0,0.01,447.545645,64,0,0,65,3.92,64,0.1,3167.34356,253142,0.591,10.8
Vanuatu,South Pacific Ocean,2014,Developing,71.7,67,134,0,0.01,564.8167043,64,10,0,65,5.2,64,0.1,3148.36513,25885,0.596,10.8
Zambia,Sub-Saharan Africa,2010,Developing,58,111,363,30,2.47,184.3649102,83,15754,45,8,4.41,83,6.8,1463.213573,138533,0.533,11.8
Zambia,Sub-Saharan Africa,2011,Developing,58.2,115,366,29,2.57,183.0461695,81,13234,44,83,4.26,81,6.3,1644.619672,14264756,0.543,12
Zambia,Sub-Saharan Africa,2012,Developing,59.2,112,349,29,2.59,196.9152496,78,896,43,7,4.91,78,5.6,1734.93612,14699937,0.554,12.3
Zambia,Sub-Saharan Africa,2013,Developing,63,104,328,29,2.41,20.62306285,79,35,42,74,4.99,79,4.8,185.793359,1515321,0.565,12.5
Zambia,Sub-Saharan Africa,2014,Developing,61.1,111,314,28,0.01,196.6675768,86,9,41,78,4.99,86,4.3,1738.8822,1562974,0.57,12.5
Zimbabwe,Sub-Saharan Africa,2010,Developing,52.4,123,527,29,5.21,53.30858081,9,9696,44,89,5.37,89,15.7,713.63562,1486317,0.436,10
Zimbabwe,Sub-Saharan Africa,2011,Developing,54.9,123,464,28,6,63.75053034,94,0,42,93,6.31,93,13.3,839.927936,14386649,0.452,10.1
Zimbabwe,Sub-Saharan Africa,2012,Developing,56.6,120,429,26,6.09,92.60233636,97,0,39,95,6.69,95,8.8,955.648466,1471826,0.464,9.8
Zimbabwe,Sub-Saharan Africa,2013,Developing,58,120,399,25,6.39,10.66670728,95,0,36,95,6.88,95,6.8,111.227396,155456,0.488,10.4
Zimbabwe,Sub-Saharan Africa,2014,Developing,59.2,116,371,23,6.5,10.82259524,91,0,34,92,6.44,91,6.3,127.47462,15411675,0.498,10.3
